CREATE DATABASE  IF NOT EXISTS `ug5kv2` /*!40100 DEFAULT CHARACTER SET latin1 COLLATE latin1_spanish_ci */;
USE `ug5kv2`;
-- MySQL dump 10.13  Distrib 5.6.24, for Win64 (x86_64)
--
-- Host: localhost    Database: ug5kv2
-- ------------------------------------------------------
-- Server version	5.6.26-log

/*!40101 SET @OLD_CHARACTER_SET_CLIENT=@@CHARACTER_SET_CLIENT */;
/*!40101 SET @OLD_CHARACTER_SET_RESULTS=@@CHARACTER_SET_RESULTS */;
/*!40101 SET @OLD_COLLATION_CONNECTION=@@COLLATION_CONNECTION */;
/*!40101 SET NAMES utf8 */;
/*!40103 SET @OLD_TIME_ZONE=@@TIME_ZONE */;
/*!40103 SET TIME_ZONE='+00:00' */;
/*!40014 SET @OLD_UNIQUE_CHECKS=@@UNIQUE_CHECKS, UNIQUE_CHECKS=0 */;
/*!40014 SET @OLD_FOREIGN_KEY_CHECKS=@@FOREIGN_KEY_CHECKS, FOREIGN_KEY_CHECKS=0 */;
/*!40101 SET @OLD_SQL_MODE=@@SQL_MODE, SQL_MODE='NO_AUTO_VALUE_ON_ZERO' */;
/*!40111 SET @OLD_SQL_NOTES=@@SQL_NOTES, SQL_NOTES=0 */;

--
-- Temporary view structure for view `alarmas_view`
--

DROP TABLE IF EXISTS `alarmas_view`;
/*!50001 DROP VIEW IF EXISTS `alarmas_view`*/;
SET @saved_cs_client     = @@character_set_client;
SET character_set_client = utf8;
/*!50001 CREATE VIEW `alarmas_view` AS SELECT 
 1 AS `idHistoricoIncidencias`,
 1 AS `FechaHora`,
 1 AS `idEmplaz`,
 1 AS `IdHw`,
 1 AS `TipoHw`,
 1 AS `descripcion`,
 1 AS `Nivel`*/;
SET character_set_client = @saved_cs_client;

--
-- Table structure for table `configuraciones`
--

DROP TABLE IF EXISTS `configuraciones`;
/*!40101 SET @saved_cs_client     = @@character_set_client */;
/*!40101 SET character_set_client = utf8 */;
CREATE TABLE `configuraciones` (
  `idconfiguracion` int(11) NOT NULL AUTO_INCREMENT COMMENT 'Clave primaria de la tabla. Tabla para almacenar las distintas configuraciones que se pueden crear en l esquema.',
  `nombre` varchar(64) COLLATE latin1_spanish_ci NOT NULL COMMENT 'Nombre que se le da a la configuración. Tiene que ser único en la BBDD.',
  `descripcion` varchar(100) COLLATE latin1_spanish_ci DEFAULT NULL COMMENT 'Información adicional de la configuración.',
  `region` varchar(45) COLLATE latin1_spanish_ci DEFAULT NULL COMMENT 'Región a la que pertenece la configuración.',
  `activa` tinyint(1) NOT NULL DEFAULT '0' COMMENT 'Estado activo (1) o Inactivo (0). Sólo puede haber una activa a la vez.',
  `fecha_activacion` datetime DEFAULT NULL COMMENT 'Fecha en la que se ha activado la configuración.',
  PRIMARY KEY (`idconfiguracion`),
  UNIQUE KEY `name_UNIQUE` (`nombre`)
) ENGINE=InnoDB AUTO_INCREMENT=21 DEFAULT CHARSET=latin1 COLLATE=latin1_spanish_ci;
/*!40101 SET character_set_client = @saved_cs_client */;

--
-- Dumping data for table `configuraciones`
--

LOCK TABLES `configuraciones` WRITE;
/*!40000 ALTER TABLE `configuraciones` DISABLE KEYS */;
INSERT INTO `configuraciones` VALUES (11,'CFG1','Cfg validación',NULL,0,'2018-01-09 17:05:33'),(16,'CFG2','',NULL,0,'2018-01-10 09:19:58'),(17,'CFG3','',NULL,0,'2018-01-12 11:30:01'),(18,'CFG4','',NULL,1,'2018-01-12 11:30:12'),(19,'CFG5','Prueba de Fecha',NULL,0,'2017-12-18 13:08:09'),(20,'asd_','',NULL,0,NULL);
/*!40000 ALTER TABLE `configuraciones` ENABLE KEYS */;
UNLOCK TABLES;
/*!50003 SET @saved_cs_client      = @@character_set_client */ ;
/*!50003 SET @saved_cs_results     = @@character_set_results */ ;
/*!50003 SET @saved_col_connection = @@collation_connection */ ;
/*!50003 SET character_set_client  = utf8 */ ;
/*!50003 SET character_set_results = utf8 */ ;
/*!50003 SET collation_connection  = utf8_general_ci */ ;
/*!50003 SET @saved_sql_mode       = @@sql_mode */ ;
/*!50003 SET sql_mode              = 'ONLY_FULL_GROUP_BY,STRICT_TRANS_TABLES,NO_ZERO_IN_DATE,NO_ZERO_DATE,ERROR_FOR_DIVISION_BY_ZERO,NO_AUTO_CREATE_USER,NO_ENGINE_SUBSTITUTION' */ ;
DELIMITER ;;
/*!50003 CREATE*/ /*!50017 DEFINER=`root`@`localhost`*/ /*!50003 TRIGGER `ug5kv2`.`configuraciones_BEFORE_DELETE` BEFORE DELETE ON `configuraciones` FOR EACH ROW
BEGIN
DECLARE specialty CONDITION FOR SQLSTATE '45001';
	IF old.activa=1 THEN
		SIGNAL SQLSTATE '45000'
		SET MESSAGE_TEXT = 'Active config cannot be deleted', MYSQL_ERRNO = 1001;
      END IF;
END */;;
DELIMITER ;
/*!50003 SET sql_mode              = @saved_sql_mode */ ;
/*!50003 SET character_set_client  = @saved_cs_client */ ;
/*!50003 SET character_set_results = @saved_cs_results */ ;
/*!50003 SET collation_connection  = @saved_col_connection */ ;

--
-- Temporary view structure for view `emplazamiento`
--

DROP TABLE IF EXISTS `emplazamiento`;
/*!50001 DROP VIEW IF EXISTS `emplazamiento`*/;
SET @saved_cs_client     = @@character_set_client;
SET character_set_client = utf8;
/*!50001 CREATE VIEW `emplazamiento` AS SELECT 
 1 AS `idEMPLAZAMIENTO`,
 1 AS `cfg_idCFG`,
 1 AS `name`*/;
SET character_set_client = @saved_cs_client;

--
-- Table structure for table `emplazamientos`
--

DROP TABLE IF EXISTS `emplazamientos`;
/*!40101 SET @saved_cs_client     = @@character_set_client */;
/*!40101 SET character_set_client = utf8 */;
CREATE TABLE `emplazamientos` (
  `idemplazamiento` int(11) NOT NULL AUTO_INCREMENT COMMENT 'Clave primaria de la tabla. Tabla que representa los emplazamientos en los que se pueden situar pasarelas.',
  `nombre` varchar(64) COLLATE latin1_spanish_ci NOT NULL COMMENT 'Nombre que se le da al emplazamiento. Tiene que ser único en la configuración.',
  `configuracion_id` int(11) NOT NULL COMMENT 'Cave externa a tabla gateway',
  PRIMARY KEY (`idemplazamiento`),
  KEY `fk_gateway_id_idx` (`configuracion_id`),
  CONSTRAINT `fk_config_emp` FOREIGN KEY (`configuracion_id`) REFERENCES `configuraciones` (`idconfiguracion`) ON DELETE CASCADE ON UPDATE NO ACTION
) ENGINE=InnoDB AUTO_INCREMENT=55 DEFAULT CHARSET=latin1 COLLATE=latin1_spanish_ci;
/*!40101 SET character_set_client = @saved_cs_client */;

--
-- Dumping data for table `emplazamientos`
--

LOCK TABLES `emplazamientos` WRITE;
/*!40000 ALTER TABLE `emplazamientos` DISABLE KEYS */;
INSERT INTO `emplazamientos` VALUES (27,'EMPL0101',11),(28,'EMPL0102',11),(40,'EMPL0104',11),(41,'EMPL0101',16),(42,'EMPL0102',16),(43,'EMPL0104',16),(44,'EMPL0101',17),(45,'EMPL0102',17),(46,'EMPL0104',17),(47,'EMPL0101',18),(48,'EMPL0102',18),(49,'EMPL0104',18),(50,'EMPL0101',19),(51,'EMPL0102',19),(52,'EMPL0101',20),(53,'EMPL0102',20),(54,'EMPL0104',20);
/*!40000 ALTER TABLE `emplazamientos` ENABLE KEYS */;
UNLOCK TABLES;

--
-- Table structure for table `historicoincidencias`
--

DROP TABLE IF EXISTS `historicoincidencias`;
/*!40101 SET @saved_cs_client     = @@character_set_client */;
/*!40101 SET character_set_client = utf8 */;
CREATE TABLE `historicoincidencias` (
  `idHistoricoIncidencias` int(11) NOT NULL AUTO_INCREMENT,
  `IdEmplaz` varchar(32) COLLATE latin1_spanish_ci DEFAULT NULL,
  `IdHw` varchar(32) COLLATE latin1_spanish_ci NOT NULL,
  `TipoHw` varchar(20) COLLATE latin1_spanish_ci NOT NULL,
  `IdIncidencia` int(10) unsigned NOT NULL,
  `FechaHora` datetime NOT NULL,
  `Reconocida` datetime DEFAULT NULL,
  `Descripcion` varchar(300) COLLATE latin1_spanish_ci DEFAULT NULL,
  `Usuario` varchar(64) COLLATE latin1_spanish_ci DEFAULT NULL,
  PRIMARY KEY (`idHistoricoIncidencias`,`IdHw`),
  KEY `HistoricoIncidencias_FKIndex1` (`IdIncidencia`),
  KEY `HistoricoIncidenciasIndex` (`IdHw`,`TipoHw`,`IdIncidencia`,`FechaHora`),
  CONSTRAINT `historicoincidencias_ibfk_1` FOREIGN KEY (`IdIncidencia`) REFERENCES `incidencias` (`IdIncidencia`) ON DELETE CASCADE ON UPDATE CASCADE
) ENGINE=InnoDB AUTO_INCREMENT=326949 DEFAULT CHARSET=latin1 COLLATE=latin1_spanish_ci;
/*!40101 SET character_set_client = @saved_cs_client */;

--
-- Dumping data for table `historicoincidencias`
--

LOCK TABLES `historicoincidencias` WRITE;
/*!40000 ALTER TABLE `historicoincidencias` DISABLE KEYS */;
INSERT INTO `historicoincidencias` VALUES (326026,NULL,'CFG','SEGURIDAD',55,'2018-01-11 15:08:48',NULL,'Fin sesion  Configuración Centralizada  del usuario  .','1'),(326027,NULL,'CFG','SEGURIDAD',51,'2018-01-11 15:08:53',NULL,'Rechazada sesión Configuración Centralizada  del usuario  No existe el usuario.','asd'),(326028,NULL,'CFG','SEGURIDAD',50,'2018-01-11 15:08:57',NULL,'Inicio sesión Configuración Centralizada  del usuario .','1'),(326029,'EMPL0102','CGW-20','SP-RADIO',2101,'2018-01-11 15:11:36',NULL,'Cambio sesión SIP. Recurso: RD-20-11 Sesión:  ON sip.310101@10.10.184.40 Activa ',' '),(326030,'EMPL0102','CGW-20','SP-RADIO',2101,'2018-01-11 15:11:57',NULL,'Cambio sesión SIP. Recurso: RD-20-11 Sesión:  OFF sip.310101@10.10.184.40 - ',' '),(326031,'EMPL0102','CGW-20','SP-TELEFONIA',2204,'2018-01-11 15:34:33',NULL,'Fallo llamada de test R2 SCV. Recurso: R2-20-00',' '),(326032,'EMPL0102','CGW-20','SP-TELEFONIA',2204,'2018-01-11 15:34:37',NULL,'Fallo llamada de test R2 SCV. Recurso: R2-20-00',' '),(326033,'EMPL0102','CGW-20','SP-RADIO',2101,'2018-01-11 15:36:19',NULL,'Cambio sesión SIP. Recurso: RD-20-11 Sesión:  OFF sip.RD-10-01@10.10.184.13 - ',' '),(326034,'EMPL0102','CGW-20','SP-RADIO',2101,'2018-01-11 15:36:20',NULL,'Cambio sesión SIP. Recurso: RD-20-10 Sesión:  OFF sip.RD-10-01@10.10.184.13 - ',' '),(326035,'EMPL0101','CGW-10','SP-PASARELA',2000,'2018-01-11 15:38:58',NULL,'Cambio estado pasarela: Perdida enlace.',' '),(326036,'EMPL0101','CGW-10','SP-PASARELA',2000,'2018-01-11 15:39:48',NULL,'Cambio estado pasarela: Recuperación de enlace.',' '),(326037,'EMPL0101','CGW-10','SP-PASARELA',2005,'2018-01-11 15:39:46',NULL,'Cambio Estado CPUs. CGW: 10.10.184.12 : CPU Local Principal  : CPU Dual Reserva',' '),(326038,'EMPL0101','CGW-10','SP-PASARELA',2005,'2018-01-11 15:39:46',NULL,'Cambio Estado CPUs. CGW: 10.10.184.12 : CPU Local Principal  : CPU Dual Caida',' '),(326039,'EMPL0101','CGW-10','SP-PASARELA',2011,'2018-01-11 15:39:46',NULL,'Conexión Tarjeta Interfaz. Número: 0: Tipo: IA4',' '),(326040,'EMPL0101','CGW-10','SP-PASARELA',2011,'2018-01-11 15:39:47',NULL,'Conexión Tarjeta Interfaz. Número: 1: Tipo: IA4',' '),(326041,'EMPL0101','CGW-10','SP-PASARELA',2011,'2018-01-11 15:39:47',NULL,'Conexión Tarjeta Interfaz. Número: 2: Tipo: IA4',' '),(326042,'EMPL0101','CGW-10','SP-PASARELA',2013,'2018-01-11 15:39:52',NULL,'Conexión Recurso R2: R2-10-10',' '),(326043,'EMPL0101','CGW-10','SP-PASARELA',2013,'2018-01-11 15:39:52',NULL,'Conexión Recurso R2: R2-10-12',' '),(326044,'EMPL0101','CGW-10','SP-PASARELA',2009,'2018-01-11 15:39:52',NULL,'Conexión Recurso Telefonía: (BL) BL-10-03',' '),(326045,'EMPL0101','CGW-10','SP-PASARELA',2009,'2018-01-11 15:39:53',NULL,'Conexión Recurso Telefonía: (BC) BC-10-13',' '),(326046,'EMPL0101','CGW-10','SP-TELEFONIA',2204,'2018-01-11 15:39:53',NULL,'Fallo llamada de test R2 SCV. Recurso: R2-10-12',' '),(326047,'EMPL0101','CGW-10','SP-PASARELA',2009,'2018-01-11 15:39:53',NULL,'Conexión Recurso Telefonía: (AB) AB-10-23',' '),(326048,'EMPL0101','CGW-10','SP-PASARELA',2007,'2018-01-11 15:39:53',NULL,'Conexión Recurso Radio: RD-10-01',' '),(326049,'EMPL0101','CGW-10','SP-PASARELA',2007,'2018-01-11 15:39:54',NULL,'Conexión Recurso Radio: RD-10-10',' '),(326050,'EMPL0101','CGW-10','SP-TELEFONIA',2204,'2018-01-11 15:39:55',NULL,'Fallo llamada de test R2 SCV. Recurso: R2-10-10',' '),(326051,'EMPL0101','CGW-10','SP-PASARELA',2019,'2018-01-11 15:39:56',NULL,'Conexión Recurso LCEN: LC-10-02',' '),(326052,'EMPL0101','CGW-10','SP-TELEFONIA',2204,'2018-01-11 15:39:58',NULL,'Fallo llamada de test R2 SCV. Recurso: R2-10-12',' '),(326053,'EMPL0101','CGW-10','SP-TELEFONIA',2204,'2018-01-11 15:40:02',NULL,'Fallo llamada de test R2 SCV. Recurso: R2-10-10',' '),(326054,'EMPL0102','CGW-20','SP-PASARELA',2000,'2018-01-11 15:41:17',NULL,'Cambio estado pasarela: Perdida enlace.',' '),(326055,'EMPL0102','CGW-20','SP-PASARELA',2000,'2018-01-11 15:42:03',NULL,'Cambio estado pasarela: Recuperación de enlace.',' '),(326056,'EMPL0102','CGW-20','SP-PASARELA',2005,'2018-01-11 15:42:00',NULL,'Cambio Estado CPUs. CGW: 10.20.184.12 : CPU Local Principal  : CPU Dual Reserva',' '),(326057,'EMPL0102','CGW-20','SP-PASARELA',2005,'2018-01-11 15:42:00',NULL,'Cambio Estado CPUs. CGW: 10.20.184.12 : CPU Local Principal  : CPU Dual Caida',' '),(326058,'EMPL0102','CGW-20','SP-PASARELA',2011,'2018-01-11 15:42:01',NULL,'Conexión Tarjeta Interfaz. Número: 0: Tipo: IA4',' '),(326059,'EMPL0102','CGW-20','SP-PASARELA',2011,'2018-01-11 15:42:01',NULL,'Conexión Tarjeta Interfaz. Número: 1: Tipo: IA4',' '),(326060,'EMPL0102','CGW-20','SP-PASARELA',2011,'2018-01-11 15:42:02',NULL,'Conexión Tarjeta Interfaz. Número: 2: Tipo: IA4',' '),(326061,'EMPL0102','CGW-20','SP-PASARELA',2011,'2018-01-11 15:42:02',NULL,'Conexión Tarjeta Interfaz. Número: 3: Tipo: IA4',' '),(326062,'EMPL0102','CGW-20','SP-PASARELA',2013,'2018-01-11 15:42:07',NULL,'Conexión Recurso R2: R2-20-00',' '),(326063,'EMPL0102','CGW-20','SP-PASARELA',2007,'2018-01-11 15:42:08',NULL,'Conexión Recurso Radio: RD-20-10',' '),(326064,'EMPL0102','CGW-20','SP-PASARELA',2007,'2018-01-11 15:42:08',NULL,'Conexión Recurso Radio: RD-20-11',' '),(326065,'EMPL0102','CGW-20','SP-TELEFONIA',2204,'2018-01-11 15:42:09',NULL,'Fallo llamada de test R2 SCV. Recurso: R2-20-00',' '),(326066,'EMPL0102','CGW-20','SP-PASARELA',2019,'2018-01-11 15:42:10',NULL,'Conexión Recurso LCEN: LC-20-02',' '),(326067,'EMPL0102','CGW-20','SP-RADIO',2101,'2018-01-11 15:42:13',NULL,'Cambio sesión SIP. Recurso: RD-20-11 Sesión:  ON sip.RD-10-01@10.10.184.13 Activa ',' '),(326068,'EMPL0101','CGW-10','SP-RADIO',2101,'2018-01-11 15:42:13',NULL,'Cambio sesión SIP. Recurso: RD-10-01 Sesión:  ON sip.RD-20-11@10.20.184.13.5060 Activa ',' '),(326069,'EMPL0102','CGW-20','SP-RADIO',2101,'2018-01-11 15:42:14',NULL,'Cambio sesión SIP. Recurso: RD-20-10 Sesión:  ON sip.RD-10-01@10.10.184.13 Activa ',' '),(326070,'EMPL0101','CGW-10','SP-RADIO',2101,'2018-01-11 15:42:15',NULL,'Cambio sesión SIP. Recurso: RD-10-01 Sesión:  ON sip.RD-20-10@10.20.184.13.5060 Activa ',' '),(326071,'EMPL0102','CGW-20','SP-TELEFONIA',2204,'2018-01-11 15:42:16',NULL,'Fallo llamada de test R2 SCV. Recurso: R2-20-00',' '),(326072,NULL,'CFG','SEGURIDAD',55,'2018-01-11 15:43:23',NULL,'Fin sesion  Configuración Centralizada  del usuario  La Session ha expirado...El cliente no genera los ticks..','1'),(326073,NULL,'CFG','SEGURIDAD',50,'2018-01-11 15:47:13',NULL,'Inicio sesión Configuración Centralizada  del usuario .','1'),(326074,NULL,'CFG','CONF-R',109,'2018-01-11 15:48:01',NULL,'Modificación de Parámetros Generales de Pasarela CGW-30.','1 (a)'),(326075,NULL,'CFG','CONF-R',105,'2018-01-11 15:48:08',NULL,'Carga de Configuración Remota CFG4.','1 (a)'),(326076,'SERVIDOR UG5K','RCS2010 U5KGR','SP-GEN',201,'2018-01-11 15:48:22',NULL,'Arranque APP RCS2010 UG5KR en puesto: @SERVIDOR UG5K',' '),(326077,'EMPL0101','CGW-10','SP-PASARELA',2000,'2018-01-11 15:48:25',NULL,'Cambio estado pasarela:  Fallo',' '),(326078,'EMPL0101','CGW-30','SP-PASARELA',2000,'2018-01-11 15:48:25',NULL,'Cambio estado pasarela:  Fallo',' '),(326079,'EMPL0102','CGW-20','SP-PASARELA',2000,'2018-01-11 15:48:25',NULL,'Cambio estado pasarela:  Aviso',' '),(326080,'EMPL0104','CGW-40','SP-PASARELA',2000,'2018-01-11 15:48:26',NULL,'Cambio estado pasarela:  Aviso',' '),(326081,'EMPL0101','CGW-10A','SP-PASARELA',2000,'2018-01-11 15:48:34',NULL,'Cambio estado pasarela: Perdida enlace.',' '),(326082,'EMPL0102','CGW-20B','SP-PASARELA',2000,'2018-01-11 15:48:34',NULL,'Cambio estado pasarela: Perdida enlace.',' '),(326083,'EMPL0102','CGW-20C','SP-PASARELA',2000,'2018-01-11 15:48:35',NULL,'Cambio estado pasarela: Perdida enlace.',' '),(326084,'EMPL0102','CGW-20','SP-RADIO',2101,'2018-01-11 15:51:04',NULL,'Cambio sesión SIP. Recurso: RD-20-11 Sesión:  ON sip.310101@10.10.184.40 Activa ',' '),(326085,'EMPL0102','CGW-20','SP-RADIO',2101,'2018-01-11 15:51:39',NULL,'Cambio sesión SIP. Recurso: RD-20-11 Sesión:  OFF sip.310101@10.10.184.40 - ',' '),(326086,'EMPL0102','CGW-20','SP-RADIO',2101,'2018-01-11 15:51:40',NULL,'Cambio sesión SIP. Recurso: RD-20-11 Sesión:  ON sip.310101@10.10.184.40 Activa ',' '),(326087,'EMPL0102','CGW-20','SP-RADIO',2101,'2018-01-11 15:52:29',NULL,'Cambio sesión SIP. Recurso: RD-20-11 Sesión:  ON sip.310101@10.10.184.40 Activa ',' '),(326088,'EMPL0102','CGW-20','SP-RADIO',2101,'2018-01-11 15:52:58',NULL,'Cambio sesión SIP. Recurso: RD-20-11 Sesión:  OFF sip.310101@10.10.184.40 - ',' '),(326089,'EMPL0102','CGW-20','SP-RADIO',2101,'2018-01-11 15:52:59',NULL,'Cambio sesión SIP. Recurso: RD-20-11 Sesión:  ON sip.310101@10.10.184.40 Activa ',' '),(326090,'EMPL0102','CGW-20','SP-RADIO',2101,'2018-01-11 15:53:00',NULL,'Cambio sesión SIP. Recurso: RD-20-11 Sesión:  OFF sip.310101@10.10.184.40 - ',' '),(326091,'EMPL0102','CGW-20','SP-RADIO',2101,'2018-01-11 15:53:01',NULL,'Cambio sesión SIP. Recurso: RD-20-11 Sesión:  ON sip.310101@10.10.184.40 Activa ',' '),(326092,'EMPL0102','CGW-20','SP-RADIO',2101,'2018-01-11 15:53:02',NULL,'Cambio sesión SIP. Recurso: RD-20-11 Sesión:  OFF sip.310101@10.10.184.40 - ',' '),(326093,'EMPL0102','CGW-20','SP-RADIO',2101,'2018-01-11 15:53:03',NULL,'Cambio sesión SIP. Recurso: RD-20-11 Sesión:  ON sip.310101@10.10.184.40 Activa ',' '),(326094,'EMPL0102','CGW-20','SP-RADIO',2101,'2018-01-11 15:53:05',NULL,'Cambio sesión SIP. Recurso: RD-20-11 Sesión:  OFF sip.310101@10.10.184.40 - ',' '),(326095,'EMPL0102','CGW-20','SP-RADIO',2101,'2018-01-11 15:53:09',NULL,'Cambio sesión SIP. Recurso: RD-20-11 Sesión:  ON sip.310101@10.10.184.40 Activa ',' '),(326096,'EMPL0102','CGW-20','SP-RADIO',2101,'2018-01-11 15:53:28',NULL,'Cambio sesión SIP. Recurso: RD-20-11 Sesión:  OFF sip.310101@10.10.184.40 - ',' '),(326097,'EMPL0102','CGW-20','SP-RADIO',2101,'2018-01-11 15:53:39',NULL,'Cambio sesión SIP. Recurso: RD-20-11 Sesión:  OFF sip.310101@10.10.184.40 - ',' '),(326098,'EMPL0102','CGW-20','SP-RADIO',2101,'2018-01-11 15:54:22',NULL,'Cambio sesión SIP. Recurso: RD-20-11 Sesión:  ON sip.310101@10.10.184.40 Activa ',' '),(326099,'EMPL0101','CGW-10','SP-PASARELA',2012,'2018-01-11 15:55:34',NULL,'Desconexión Tarjeta Interfaz. Número: 0: Tipo: IA4',' '),(326100,'EMPL0101','CGW-10','SP-PASARELA',2010,'2018-01-11 15:55:34',NULL,'Desconexión Recurso Telefonía: (BL) BL-10-03',' '),(326101,'EMPL0101','CGW-10','SP-PASARELA',2008,'2018-01-11 15:55:35',NULL,'Desconexión Recurso Radio: RD-10-01',' '),(326102,'EMPL0102','CGW-20','SP-RADIO',2101,'2018-01-11 15:55:36',NULL,'Cambio sesión SIP. Recurso: RD-20-11 Sesión:  OFF sip.RD-10-01@10.10.184.13 - ',' '),(326103,'EMPL0101','CGW-10','SP-RADIO',2101,'2018-01-11 15:55:36',NULL,'Cambio sesión SIP. Recurso: RD-10-01 Sesión:  OFF sip.RD-20-11@10.20.184.13.5060 - ',' '),(326104,'EMPL0102','CGW-20','SP-RADIO',2101,'2018-01-11 15:55:37',NULL,'Cambio sesión SIP. Recurso: RD-20-10 Sesión:  OFF sip.RD-10-01@10.10.184.13 - ',' '),(326105,'EMPL0101','CGW-10','SP-PASARELA',2011,'2018-01-11 15:55:37',NULL,'Conexión Tarjeta Interfaz. Número: 0: Tipo: IA4',' '),(326106,'EMPL0101','CGW-10','SP-RADIO',2101,'2018-01-11 15:55:37',NULL,'Cambio sesión SIP. Recurso: RD-10-01 Sesión:  OFF sip.RD-20-10@10.20.184.13.5060 - ',' '),(326107,'EMPL0101','CGW-10','SP-PASARELA',2020,'2018-01-11 15:55:38',NULL,'Desconexión Recurso  LCEN: LC-10-02',' '),(326108,'EMPL0101','CGW-10','SP-PASARELA',2009,'2018-01-11 15:55:40',NULL,'Conexión Recurso Telefonía: (BL) BL-10-03',' '),(326109,'EMPL0101','CGW-10','SP-PASARELA',2007,'2018-01-11 15:55:41',NULL,'Conexión Recurso Radio: RD-10-01',' '),(326110,'EMPL0102','CGW-20','SP-RADIO',2101,'2018-01-11 15:55:43',NULL,'Cambio sesión SIP. Recurso: RD-20-11 Sesión:  OFF sip.310101@10.10.184.40 - ',' '),(326111,'EMPL0101','CGW-10','SP-PASARELA',2019,'2018-01-11 15:55:45',NULL,'Conexión Recurso LCEN: LC-10-02',' '),(326112,'EMPL0102','CGW-20','SP-RADIO',2101,'2018-01-11 15:55:47',NULL,'Cambio sesión SIP. Recurso: RD-20-11 Sesión:  ON sip.RD-10-01@10.10.184.13 Activa ',' '),(326113,'EMPL0101','CGW-10','SP-RADIO',2101,'2018-01-11 15:55:47',NULL,'Cambio sesión SIP. Recurso: RD-10-01 Sesión:  ON sip.RD-20-11@10.20.184.13.5060 Activa ',' '),(326114,'EMPL0102','CGW-20','SP-RADIO',2101,'2018-01-11 15:55:48',NULL,'Cambio sesión SIP. Recurso: RD-20-10 Sesión:  ON sip.RD-10-01@10.10.184.13 Activa ',' '),(326115,'EMPL0101','CGW-10','SP-RADIO',2101,'2018-01-11 15:55:48',NULL,'Cambio sesión SIP. Recurso: RD-10-01 Sesión:  ON sip.RD-20-10@10.20.184.13.5060 Activa ',' '),(326116,'EMPL0102','CGW-20','SP-RADIO',2101,'2018-01-11 15:55:54',NULL,'Cambio sesión SIP. Recurso: RD-20-11 Sesión:  ON sip.310101@10.10.184.40 Activa ',' '),(326117,'EMPL0102','CGW-20','SP-RADIO',2101,'2018-01-11 15:57:38',NULL,'Cambio sesión SIP. Recurso: RD-20-11 Sesión:  OFF sip.310101@10.10.184.40 - ',' '),(326118,'EMPL0102','CGW-20','SP-RADIO',2101,'2018-01-11 15:57:51',NULL,'Cambio sesión SIP. Recurso: RD-20-11 Sesión:  ON sip.310101@10.10.184.40 Activa ',' '),(326119,'EMPL0102','CGW-20','SP-RADIO',2101,'2018-01-11 15:58:59',NULL,'Cambio sesión SIP. Recurso: RD-20-11 Sesión:  OFF sip.310101@10.10.184.40 - ',' '),(326120,'EMPL0102','CGW-20','SP-RADIO',2101,'2018-01-11 15:59:09',NULL,'Cambio sesión SIP. Recurso: RD-20-11 Sesión:  ON sip.310101@10.10.184.40 Activa ',' '),(326121,'EMPL0102','CGW-20','SP-RADIO',2101,'2018-01-11 16:00:01',NULL,'Cambio sesión SIP. Recurso: RD-20-11 Sesión:  OFF sip.310101@10.10.184.40 - ',' '),(326122,'EMPL0102','CGW-20','SP-RADIO',2101,'2018-01-11 16:00:11',NULL,'Cambio sesión SIP. Recurso: RD-20-11 Sesión:  ON sip.310101@10.10.184.40 Activa ',' '),(326123,'EMPL0102','CGW-20','SP-RADIO',2101,'2018-01-11 16:01:07',NULL,'Cambio sesión SIP. Recurso: RD-20-11 Sesión:  OFF sip.310101@10.10.184.40 - ',' '),(326124,'SERVIDOR UG5K','RCS2010 U5KGR','SEGURIDAD',47,'2018-01-11 16:02:43',NULL,'Inicio sesión RCS2010 UG5KR  del usuario: 1@SERVIDOR UG5K','1@SERVIDOR UG5K'),(326125,'EMPL0102','CGW-20','SP-RADIO',2101,'2018-01-11 16:04:17',NULL,'Cambio sesión SIP. Recurso: RD-20-11 Sesión:  ON sip.310101@10.10.184.40 Activa ',' '),(326126,'EMPL0102','CGW-20','SP-RADIO',2101,'2018-01-11 16:04:46',NULL,'Cambio sesión SIP. Recurso: RD-20-11 Sesión:  OFF sip.310101@10.10.184.40 - ',' '),(326127,'EMPL0102','CGW-20','SP-RADIO',2101,'2018-01-11 16:04:47',NULL,'Cambio sesión SIP. Recurso: RD-20-11 Sesión:  ON sip.310101@10.10.184.40 Activa ',' '),(326128,'EMPL0102','CGW-20','SP-RADIO',2101,'2018-01-11 16:05:37',NULL,'Cambio sesión SIP. Recurso: RD-20-11 Sesión:  OFF sip.310101@10.10.184.40 - ',' '),(326129,'EMPL0101','CGW-10','MAN-L',186,'2018-01-11 16:05:49',NULL,'Selección Modo:  MANTENIMIENTO  en recurso  RD-10-01','1@SERVIDOR UG5K'),(326130,'EMPL0101','CGW-10','MAN-L',196,'2018-01-11 16:05:51',NULL,'Resultado  Modo:  MANTENIMIENTO  en recurso  RD-10-01','1@SERVIDOR UG5K'),(326131,'EMPL0102','CGW-20','SP-RADIO',2101,'2018-01-11 16:05:52',NULL,'Cambio sesión SIP. Recurso: RD-20-11 Sesión:  ON sip.310101@10.10.184.40 Activa ',' '),(326132,'EMPL0101','CGW-10','SP-RADIO',2101,'2018-01-11 16:05:55',NULL,'Cambio sesión SIP. Recurso: RD-10-01 Sesión:  ON sip.RD-20-11@10.20.184.13.5060 Idle ',' '),(326133,'EMPL0102','CGW-20','SP-RADIO',2101,'2018-01-11 16:05:55',NULL,'Cambio sesión SIP. Recurso: RD-20-11 Sesión:  ON sip.RD-10-01@10.10.184.13 Idle ',' '),(326134,'EMPL0101','CGW-10','SP-RADIO',2101,'2018-01-11 16:05:56',NULL,'Cambio sesión SIP. Recurso: RD-10-01 Sesión:  ON sip.RD-20-10@10.20.184.13.5060 Idle ',' '),(326135,'EMPL0102','CGW-20','SP-RADIO',2101,'2018-01-11 16:05:56',NULL,'Cambio sesión SIP. Recurso: RD-20-10 Sesión:  ON sip.RD-10-01@10.10.184.13 Idle ',' '),(326136,'EMPL0101','CGW-10','MAN-L',183,'2018-01-11 16:06:18',NULL,'Selección Bucle:  RF Local F.D.  Emplazamiento 1  en  RD-10-01.','1@SERVIDOR UG5K'),(326137,'EMPL0102','CGW-20','SP-RADIO',2101,'2018-01-11 16:06:21',NULL,'Cambio sesión SIP. Recurso: RD-20-11 Sesión:  ON sip.RD-10-01@10.10.184.13 Activa ',' '),(326138,'EMPL0101','CGW-10','SP-RADIO',2101,'2018-01-11 16:06:21',NULL,'Cambio sesión SIP. Recurso: RD-10-01 Sesión:  ON sip.RD-20-11@10.20.184.13.5060 Activa ',' '),(326139,'EMPL0101','CGW-10','SP-RADIO',2101,'2018-01-11 16:06:22',NULL,'Cambio sesión SIP. Recurso: RD-10-01 Sesión:  ON sip.RD-20-10@10.20.184.13.5060 Activa ',' '),(326140,'EMPL0102','CGW-20','SP-RADIO',2101,'2018-01-11 16:06:22',NULL,'Cambio sesión SIP. Recurso: RD-20-10 Sesión:  ON sip.RD-10-01@10.10.184.13 Activa ',' '),(326141,'EMPL0101','CGW-10','MAN-L',193,'2018-01-11 16:06:35',NULL,'Resultado Bucle: RF Local Simple en  RD-10-01 : --------','1@SERVIDOR UG5K'),(326142,'EMPL0101','CGW-10','SP-RADIO',2101,'2018-01-11 16:06:41',NULL,'Cambio sesión SIP. Recurso: RD-10-01 Sesión:  ON sip.RD-20-11@10.20.184.13.5060 Idle ',' '),(326143,'EMPL0102','CGW-20','SP-RADIO',2101,'2018-01-11 16:06:42',NULL,'Cambio sesión SIP. Recurso: RD-20-11 Sesión:  ON sip.RD-10-01@10.10.184.13 Idle ',' '),(326144,'EMPL0101','CGW-10','SP-RADIO',2101,'2018-01-11 16:06:42',NULL,'Cambio sesión SIP. Recurso: RD-10-01 Sesión:  ON sip.RD-20-10@10.20.184.13.5060 Idle ',' '),(326145,'EMPL0102','CGW-20','SP-RADIO',2101,'2018-01-11 16:06:43',NULL,'Cambio sesión SIP. Recurso: RD-20-10 Sesión:  ON sip.RD-10-01@10.10.184.13 Idle ',' '),(326146,'EMPL0101','CGW-10','MAN-L',183,'2018-01-11 16:07:10',NULL,'Selección Bucle:  RF Local F.D.  Emplazamiento 1  en  RD-10-01.','1@SERVIDOR UG5K'),(326147,'EMPL0102','CGW-20','SP-RADIO',2101,'2018-01-11 16:07:12',NULL,'Cambio sesión SIP. Recurso: RD-20-11 Sesión:  ON sip.RD-10-01@10.10.184.13 Activa ',' '),(326148,'EMPL0101','CGW-10','SP-RADIO',2101,'2018-01-11 16:07:13',NULL,'Cambio sesión SIP. Recurso: RD-10-01 Sesión:  ON sip.RD-20-11@10.20.184.13.5060 Activa ',' '),(326149,'EMPL0102','CGW-20','SP-RADIO',2101,'2018-01-11 16:07:13',NULL,'Cambio sesión SIP. Recurso: RD-20-10 Sesión:  ON sip.RD-10-01@10.10.184.13 Activa ',' '),(326150,'EMPL0101','CGW-10','SP-RADIO',2101,'2018-01-11 16:07:14',NULL,'Cambio sesión SIP. Recurso: RD-10-01 Sesión:  ON sip.RD-20-10@10.20.184.13.5060 Activa ',' '),(326151,'EMPL0101','CGW-10','MAN-L',193,'2018-01-11 16:07:25',NULL,'Resultado Bucle: RF Local Simple en  RD-10-01 :  Bucle Local FD Emplazamiento 1: \nTono enviado: nivel -10 dBm duracion 10 sg \nTono recibido: nivel -13 dBm duracion 10 sg retardo 125 ms','1@SERVIDOR UG5K'),(326152,'EMPL0101','CGW-10','SP-RADIO',2101,'2018-01-11 16:07:27',NULL,'Cambio sesión SIP. Recurso: RD-10-01 Sesión:  ON sip.RD-20-11@10.20.184.13.5060 Idle ',' '),(326153,'EMPL0102','CGW-20','SP-RADIO',2101,'2018-01-11 16:07:27',NULL,'Cambio sesión SIP. Recurso: RD-20-11 Sesión:  ON sip.RD-10-01@10.10.184.13 Idle ',' '),(326154,'EMPL0101','CGW-10','SP-RADIO',2101,'2018-01-11 16:07:28',NULL,'Cambio sesión SIP. Recurso: RD-10-01 Sesión:  ON sip.RD-20-10@10.20.184.13.5060 Idle ',' '),(326155,'EMPL0102','CGW-20','SP-RADIO',2101,'2018-01-11 16:07:28',NULL,'Cambio sesión SIP. Recurso: RD-20-10 Sesión:  ON sip.RD-10-01@10.10.184.13 Idle ',' '),(326156,'EMPL0102','CGW-20','SP-RADIO',2101,'2018-01-11 16:07:37',NULL,'Cambio sesión SIP. Recurso: RD-20-11 Sesión:  OFF sip.310101@10.10.184.40 - ',' '),(326157,'EMPL0102','CGW-20','SP-RADIO',2101,'2018-01-11 16:07:49',NULL,'Cambio sesión SIP. Recurso: RD-20-11 Sesión:  ON sip.310101@10.10.184.40 Activa ',' '),(326158,'EMPL0101','CGW-10','MAN-L',183,'2018-01-11 16:08:00',NULL,'Selección Bucle:  RF Local F.D.  Emplazamiento 1  en  RD-10-01.','1@SERVIDOR UG5K'),(326159,'EMPL0101','CGW-10','SP-RADIO',2101,'2018-01-11 16:08:04',NULL,'Cambio sesión SIP. Recurso: RD-10-01 Sesión:  ON sip.RD-20-11@10.20.184.13.5060 Activa ',' '),(326160,'EMPL0102','CGW-20','SP-RADIO',2101,'2018-01-11 16:08:04',NULL,'Cambio sesión SIP. Recurso: RD-20-11 Sesión:  ON sip.RD-10-01@10.10.184.13 Activa ',' '),(326161,'EMPL0101','CGW-10','SP-RADIO',2101,'2018-01-11 16:08:05',NULL,'Cambio sesión SIP. Recurso: RD-10-01 Sesión:  ON sip.RD-20-10@10.20.184.13.5060 Activa ',' '),(326162,'EMPL0102','CGW-20','SP-RADIO',2101,'2018-01-11 16:08:05',NULL,'Cambio sesión SIP. Recurso: RD-20-10 Sesión:  ON sip.RD-10-01@10.10.184.13 Activa ',' '),(326163,'EMPL0101','CGW-10','MAN-L',193,'2018-01-11 16:08:15',NULL,'Resultado Bucle: RF Local Simple en  RD-10-01 : --------','1@SERVIDOR UG5K'),(326164,'EMPL0101','CGW-10','SP-RADIO',2101,'2018-01-11 16:08:19',NULL,'Cambio sesión SIP. Recurso: RD-10-01 Sesión:  ON sip.RD-20-11@10.20.184.13.5060 Idle ',' '),(326165,'EMPL0102','CGW-20','SP-RADIO',2101,'2018-01-11 16:08:19',NULL,'Cambio sesión SIP. Recurso: RD-20-11 Sesión:  ON sip.RD-10-01@10.10.184.13 Idle ',' '),(326166,'EMPL0101','CGW-10','SP-RADIO',2101,'2018-01-11 16:08:21',NULL,'Cambio sesión SIP. Recurso: RD-10-01 Sesión:  ON sip.RD-20-10@10.20.184.13.5060 Idle ',' '),(326167,'EMPL0102','CGW-20','SP-RADIO',2101,'2018-01-11 16:08:20',NULL,'Cambio sesión SIP. Recurso: RD-20-10 Sesión:  ON sip.RD-10-01@10.10.184.13 Idle ',' '),(326168,'EMPL0101','CGW-10','MAN-L',183,'2018-01-11 16:08:43',NULL,'Selección Bucle:  RF Local F.D.  Emplazamiento 1  en  RD-10-01.','1@SERVIDOR UG5K'),(326169,'EMPL0102','CGW-20','SP-RADIO',2101,'2018-01-11 16:08:45',NULL,'Cambio sesión SIP. Recurso: RD-20-11 Sesión:  ON sip.RD-10-01@10.10.184.13 Activa ',' '),(326170,'EMPL0101','CGW-10','SP-RADIO',2101,'2018-01-11 16:08:45',NULL,'Cambio sesión SIP. Recurso: RD-10-01 Sesión:  ON sip.RD-20-11@10.20.184.13.5060 Activa ',' '),(326171,'EMPL0101','CGW-10','SP-RADIO',2101,'2018-01-11 16:08:46',NULL,'Cambio sesión SIP. Recurso: RD-10-01 Sesión:  ON sip.RD-20-10@10.20.184.13.5060 Activa ',' '),(326172,'EMPL0102','CGW-20','SP-RADIO',2101,'2018-01-11 16:08:46',NULL,'Cambio sesión SIP. Recurso: RD-20-10 Sesión:  ON sip.RD-10-01@10.10.184.13 Activa ',' '),(326173,'EMPL0101','CGW-10','MAN-L',193,'2018-01-11 16:08:55',NULL,'Resultado Bucle: RF Local Simple en  RD-10-01 :  Bucle Local FD Emplazamiento 1: \nResultado no correcto. \nTono enviado: nivel -10 dBm duracion 10 sg \nTono recibido: nivel -13 dBm duracion 2 sg retardo 390 ms','1@SERVIDOR UG5K'),(326174,'EMPL0102','CGW-20','SP-RADIO',2101,'2018-01-11 16:08:55',NULL,'Cambio sesión SIP. Recurso: RD-20-11 Sesión:  ON sip.RD-10-01@10.10.184.13 Idle ',' '),(326175,'EMPL0101','CGW-10','SP-RADIO',2101,'2018-01-11 16:08:55',NULL,'Cambio sesión SIP. Recurso: RD-10-01 Sesión:  ON sip.RD-20-11@10.20.184.13.5060 Idle ',' '),(326176,'EMPL0101','CGW-10','SP-RADIO',2101,'2018-01-11 16:08:56',NULL,'Cambio sesión SIP. Recurso: RD-10-01 Sesión:  ON sip.RD-20-10@10.20.184.13.5060 Idle ',' '),(326177,'EMPL0102','CGW-20','SP-RADIO',2101,'2018-01-11 16:08:56',NULL,'Cambio sesión SIP. Recurso: RD-20-10 Sesión:  ON sip.RD-10-01@10.10.184.13 Idle ',' '),(326178,'EMPL0101','CGW-10','MAN-L',183,'2018-01-11 16:10:04',NULL,'Selección Bucle:  RF Local F.D.  Emplazamiento 1  en  RD-10-01.','1@SERVIDOR UG5K'),(326179,'EMPL0101','CGW-10','SP-RADIO',2101,'2018-01-11 16:10:08',NULL,'Cambio sesión SIP. Recurso: RD-10-01 Sesión:  ON sip.RD-20-11@10.20.184.13.5060 Activa ',' '),(326180,'EMPL0102','CGW-20','SP-RADIO',2101,'2018-01-11 16:10:07',NULL,'Cambio sesión SIP. Recurso: RD-20-11 Sesión:  ON sip.RD-10-01@10.10.184.13 Activa ',' '),(326181,'EMPL0101','CGW-10','SP-RADIO',2101,'2018-01-11 16:10:09',NULL,'Cambio sesión SIP. Recurso: RD-10-01 Sesión:  ON sip.RD-20-10@10.20.184.13.5060 Activa ',' '),(326182,'EMPL0102','CGW-20','SP-RADIO',2101,'2018-01-11 16:10:08',NULL,'Cambio sesión SIP. Recurso: RD-20-10 Sesión:  ON sip.RD-10-01@10.10.184.13 Activa ',' '),(326183,'EMPL0101','CGW-10','MAN-L',193,'2018-01-11 16:10:15',NULL,'Resultado Bucle: RF Local Simple en  RD-10-01 : --------','1@SERVIDOR UG5K'),(326184,'EMPL0102','CGW-20','SP-RADIO',2101,'2018-01-11 16:10:23',NULL,'Cambio sesión SIP. Recurso: RD-20-11 Sesión:  ON sip.RD-10-01@10.10.184.13 Idle ',' '),(326185,'EMPL0101','CGW-10','SP-RADIO',2101,'2018-01-11 16:10:23',NULL,'Cambio sesión SIP. Recurso: RD-10-01 Sesión:  ON sip.RD-20-11@10.20.184.13.5060 Idle ',' '),(326186,'EMPL0102','CGW-20','SP-RADIO',2101,'2018-01-11 16:10:24',NULL,'Cambio sesión SIP. Recurso: RD-20-10 Sesión:  ON sip.RD-10-01@10.10.184.13 Idle ',' '),(326187,'EMPL0101','CGW-10','SP-RADIO',2101,'2018-01-11 16:10:24',NULL,'Cambio sesión SIP. Recurso: RD-10-01 Sesión:  ON sip.RD-20-10@10.20.184.13.5060 Idle ',' '),(326188,'EMPL0101','CGW-10','MAN-L',183,'2018-01-11 16:11:06',NULL,'Selección Bucle:  RF Local F.D.  Emplazamiento 1  en  RD-10-01.','1@SERVIDOR UG5K'),(326189,'EMPL0101','CGW-10','SP-RADIO',2101,'2018-01-11 16:11:09',NULL,'Cambio sesión SIP. Recurso: RD-10-01 Sesión:  ON sip.RD-20-11@10.20.184.13.5060 Activa ',' '),(326190,'EMPL0102','CGW-20','SP-RADIO',2101,'2018-01-11 16:11:09',NULL,'Cambio sesión SIP. Recurso: RD-20-11 Sesión:  ON sip.RD-10-01@10.10.184.13 Activa ',' '),(326191,'EMPL0101','CGW-10','SP-RADIO',2101,'2018-01-11 16:11:10',NULL,'Cambio sesión SIP. Recurso: RD-10-01 Sesión:  ON sip.RD-20-10@10.20.184.13.5060 Activa ',' '),(326192,'EMPL0102','CGW-20','SP-RADIO',2101,'2018-01-11 16:11:10',NULL,'Cambio sesión SIP. Recurso: RD-20-10 Sesión:  ON sip.RD-10-01@10.10.184.13 Activa ',' '),(326193,'EMPL0101','CGW-10','MAN-L',193,'2018-01-11 16:11:15',NULL,'Resultado Bucle: RF Local Simple en  RD-10-01 : --------','1@SERVIDOR UG5K'),(326194,'EMPL0102','CGW-20','SP-RADIO',2101,'2018-01-11 16:11:19',NULL,'Cambio sesión SIP. Recurso: RD-20-11 Sesión:  ON sip.RD-10-01@10.10.184.13 Idle ',' '),(326195,'EMPL0101','CGW-10','SP-RADIO',2101,'2018-01-11 16:11:20',NULL,'Cambio sesión SIP. Recurso: RD-10-01 Sesión:  ON sip.RD-20-11@10.20.184.13.5060 Idle ',' '),(326196,'EMPL0101','CGW-10','SP-RADIO',2101,'2018-01-11 16:11:21',NULL,'Cambio sesión SIP. Recurso: RD-10-01 Sesión:  ON sip.RD-20-10@10.20.184.13.5060 Idle ',' '),(326197,'EMPL0102','CGW-20','SP-RADIO',2101,'2018-01-11 16:11:20',NULL,'Cambio sesión SIP. Recurso: RD-20-10 Sesión:  ON sip.RD-10-01@10.10.184.13 Idle ',' '),(326198,'EMPL0101','CGW-10','MAN-L',183,'2018-01-11 16:11:26',NULL,'Selección Bucle:  RF Local F.D.  Emplazamiento 1  en  RD-10-01.','1@SERVIDOR UG5K'),(326199,'EMPL0102','CGW-20','SP-RADIO',2101,'2018-01-11 16:11:29',NULL,'Cambio sesión SIP. Recurso: RD-20-11 Sesión:  ON sip.RD-10-01@10.10.184.13 Activa ',' '),(326200,'EMPL0101','CGW-10','SP-RADIO',2101,'2018-01-11 16:11:29',NULL,'Cambio sesión SIP. Recurso: RD-10-01 Sesión:  ON sip.RD-20-11@10.20.184.13.5060 Activa ',' '),(326201,'EMPL0102','CGW-20','SP-RADIO',2101,'2018-01-11 16:11:30',NULL,'Cambio sesión SIP. Recurso: RD-20-10 Sesión:  ON sip.RD-10-01@10.10.184.13 Activa ',' '),(326202,'EMPL0101','CGW-10','SP-RADIO',2101,'2018-01-11 16:11:30',NULL,'Cambio sesión SIP. Recurso: RD-10-01 Sesión:  ON sip.RD-20-10@10.20.184.13.5060 Activa ',' '),(326203,'EMPL0101','CGW-10','MAN-L',193,'2018-01-11 16:11:35',NULL,'Resultado Bucle: RF Local Simple en  RD-10-01 : --------','1@SERVIDOR UG5K'),(326204,'EMPL0102','CGW-20','SP-RADIO',2101,'2018-01-11 16:11:45',NULL,'Cambio sesión SIP. Recurso: RD-20-11 Sesión:  ON sip.RD-10-01@10.10.184.13 Idle ',' '),(326205,'EMPL0101','CGW-10','SP-RADIO',2101,'2018-01-11 16:11:45',NULL,'Cambio sesión SIP. Recurso: RD-10-01 Sesión:  ON sip.RD-20-11@10.20.184.13.5060 Idle ',' '),(326206,'EMPL0102','CGW-20','SP-RADIO',2101,'2018-01-11 16:11:46',NULL,'Cambio sesión SIP. Recurso: RD-20-10 Sesión:  ON sip.RD-10-01@10.10.184.13 Idle ',' '),(326207,'EMPL0101','CGW-10','SP-RADIO',2101,'2018-01-11 16:11:46',NULL,'Cambio sesión SIP. Recurso: RD-10-01 Sesión:  ON sip.RD-20-10@10.20.184.13.5060 Idle ',' '),(326208,'EMPL0102','CGW-20','SP-RADIO',2101,'2018-01-11 16:13:42',NULL,'Cambio sesión SIP. Recurso: RD-20-11 Sesión:  OFF sip.310101@10.10.184.40 - ',' '),(326209,'EMPL0102','CGW-20','SP-RADIO',2101,'2018-01-11 16:13:43',NULL,'Cambio sesión SIP. Recurso: RD-20-11 Sesión:  ON sip.310101@10.10.184.40 Activa ',' '),(326210,'EMPL0102','CGW-20','SP-RADIO',2101,'2018-01-11 16:13:46',NULL,'Cambio sesión SIP. Recurso: RD-20-11 Sesión:  OFF sip.310101@10.10.184.40 - ',' '),(326211,'EMPL0102','CGW-20','SP-RADIO',2101,'2018-01-11 16:13:47',NULL,'Cambio sesión SIP. Recurso: RD-20-11 Sesión:  ON sip.310101@10.10.184.40 Activa ',' '),(326212,'EMPL0102','CGW-20','SP-RADIO',2101,'2018-01-11 16:13:48',NULL,'Cambio sesión SIP. Recurso: RD-20-11 Sesión:  OFF sip.310101@10.10.184.40 - ',' '),(326213,'EMPL0102','CGW-20','SP-RADIO',2101,'2018-01-11 16:13:49',NULL,'Cambio sesión SIP. Recurso: RD-20-11 Sesión:  ON sip.310101@10.10.184.40 Activa ',' '),(326214,'EMPL0102','CGW-20','SP-RADIO',2101,'2018-01-11 16:14:18',NULL,'Cambio sesión SIP. Recurso: RD-20-11 Sesión:  OFF sip.310101@10.10.184.40 - ',' '),(326215,'EMPL0101','CGW-10','MAN-L',186,'2018-01-11 16:14:29',NULL,'Selección Modo:  NORMAL  en recurso  RD-10-01','1@SERVIDOR UG5K'),(326216,'EMPL0101','CGW-10','SP-RADIO',2101,'2018-01-11 16:14:30',NULL,'Cambio sesión SIP. Recurso: RD-10-01 Sesión:  ON sip.RD-20-11@10.20.184.13.5060 Activa ',' '),(326217,'EMPL0102','CGW-20','SP-RADIO',2101,'2018-01-11 16:14:30',NULL,'Cambio sesión SIP. Recurso: RD-20-11 Sesión:  ON sip.RD-10-01@10.10.184.13 Activa ',' '),(326218,'EMPL0101','CGW-10','MAN-L',196,'2018-01-11 16:14:31',NULL,'Resultado  Modo:  NORMAL en recurso  RD-10-01','1@SERVIDOR UG5K'),(326219,'EMPL0102','CGW-20','SP-RADIO',2101,'2018-01-11 16:14:31',NULL,'Cambio sesión SIP. Recurso: RD-20-10 Sesión:  ON sip.RD-10-01@10.10.184.13 Activa ',' '),(326220,'EMPL0101','CGW-10','SP-RADIO',2101,'2018-01-11 16:14:31',NULL,'Cambio sesión SIP. Recurso: RD-10-01 Sesión:  ON sip.RD-20-10@10.20.184.13.5060 Activa ',' '),(326221,'EMPL0102','CGW-20','SP-TELEFONIA',2204,'2018-01-11 16:15:35',NULL,'Fallo llamada de test R2 SCV. Recurso: R2-20-00',' '),(326222,'EMPL0102','CGW-20','SP-TELEFONIA',2204,'2018-01-11 16:15:37',NULL,'Fallo llamada de test R2 SCV. Recurso: R2-20-00',' '),(326223,'EMPL0102','CGW-20','SP-RADIO',2101,'2018-01-11 16:16:48',NULL,'Cambio sesión SIP. Recurso: RD-20-11 Sesión:  ON sip.310101@10.10.184.40 Activa ',' '),(326224,'EMPL0102','CGW-20','SP-RADIO',2101,'2018-01-11 16:16:55',NULL,'Cambio sesión SIP. Recurso: RD-20-11 Sesión:  OFF sip.310101@10.10.184.40 - ',' '),(326225,'EMPL0102','CGW-20','SP-RADIO',2101,'2018-01-11 16:18:15',NULL,'Cambio sesión SIP. Recurso: RD-20-11 Sesión:  ON sip.310101@10.10.184.40 Activa ',' '),(326226,'EMPL0102','CGW-20','SP-RADIO',2101,'2018-01-11 16:23:21',NULL,'Cambio sesión SIP. Recurso: RD-20-11 Sesión:  OFF sip.310101@10.10.184.40 - ',' '),(326227,'EMPL0102','CGW-20','SP-RADIO',2101,'2018-01-11 16:24:26',NULL,'Cambio sesión SIP. Recurso: RD-20-11 Sesión:  ON sip.310101@10.10.184.40 Activa ',' '),(326228,'SERVIDOR UG5K','RCS2010 U5KGR','SEGURIDAD',49,'2018-01-11 16:25:39',NULL,'Fin sesion RCS2010 UG5KR  del usuario: 1@SERVIDOR UG5K','1@SERVIDOR UG5K'),(326229,'EMPL0101','CGW-10','SP-TELEFONIA',2204,'2018-01-11 16:25:36',NULL,'Fallo llamada de test R2 SCV. Recurso: R2-10-10',' '),(326230,'EMPL0101','CGW-10','SP-TELEFONIA',2204,'2018-01-11 16:25:38',NULL,'Fallo llamada de test R2 SCV. Recurso: R2-10-10',' '),(326231,NULL,'CFG','CONF-R',116,'2018-01-11 16:25:54',NULL,'Modificación de Parámetros Lógicos de  Recurso RD-10-01.','1 (a)'),(326232,'EMPL0102','CGW-20','SP-RADIO',2101,'2018-01-11 16:28:10',NULL,'Cambio sesión SIP. Recurso: RD-20-11 Sesión:  OFF sip.310101@10.10.184.40 - ',' '),(326233,'EMPL0102','CGW-20','SP-RADIO',2101,'2018-01-11 16:28:13',NULL,'Cambio sesión SIP. Recurso: RD-20-11 Sesión:  ON sip.310101@10.10.184.40 Activa ',' '),(326234,'EMPL0102','CGW-20','SP-RADIO',2101,'2018-01-11 16:28:14',NULL,'Cambio sesión SIP. Recurso: RD-20-11 Sesión:  OFF sip.310101@10.10.184.40 - ',' '),(326235,'EMPL0102','CGW-20','SP-RADIO',2101,'2018-01-11 16:28:15',NULL,'Cambio sesión SIP. Recurso: RD-20-11 Sesión:  ON sip.310101@10.10.184.40 Activa ',' '),(326236,'EMPL0102','CGW-20','SP-RADIO',2101,'2018-01-11 16:28:16',NULL,'Cambio sesión SIP. Recurso: RD-20-11 Sesión:  OFF sip.310101@10.10.184.40 - ',' '),(326237,NULL,'CFG','CONF-R',116,'2018-01-11 16:29:15',NULL,'Modificación de Parámetros Lógicos de  Recurso RD-20-10.','1 (a)'),(326238,NULL,'CFG','CONF-R',113,'2018-01-11 16:30:35',NULL,'Alta de Recurso rr.','1 (a)'),(326239,NULL,'CFG','CONF-R',114,'2018-01-11 16:31:15',NULL,'Baja de Recurso rr.','1 (a)'),(326240,NULL,'CFG','SEGURIDAD',55,'2018-01-11 16:47:14',NULL,'Fin sesion  Configuración Centralizada  del usuario  La Session ha expirado.....','1'),(326241,'EMPL0101','CGW-10','SP-PASARELA',2014,'2018-01-11 16:58:57',NULL,'Desconexión Recurso R2: R2-10-10',' '),(326242,'EMPL0101','CGW-10','SP-PASARELA',2010,'2018-01-11 16:58:57',NULL,'Desconexión Recurso Telefonía: (AB) AB-10-23',' '),(326243,'EMPL0101','CGW-10','SP-PASARELA',2014,'2018-01-11 16:58:57',NULL,'Desconexión Recurso R2: R2-10-12',' '),(326244,'EMPL0101','CGW-10','SP-PASARELA',2010,'2018-01-11 16:58:58',NULL,'Desconexión Recurso Telefonía: (BL) BL-10-03',' '),(326245,'EMPL0101','CGW-10','SP-PASARELA',2010,'2018-01-11 16:58:58',NULL,'Desconexión Recurso Telefonía: (BC) BC-10-13',' '),(326246,'EMPL0102','CGW-20','SP-RADIO',2101,'2018-01-11 16:59:00',NULL,'Cambio sesión SIP. Recurso: RD-20-10 Sesión:  OFF sip.RD-10-01@10.10.184.13 - ',' '),(326247,'EMPL0102','CGW-20','SP-RADIO',2101,'2018-01-11 16:59:01',NULL,'Cambio sesión SIP. Recurso: RD-20-11 Sesión:  OFF sip.RD-10-01@10.10.184.13 - ',' '),(326248,'EMPL0101','CGW-10','SP-PASARELA',2005,'2018-01-11 16:59:07',NULL,'Cambio Estado CPUs. CGW: 10.10.184.12 : CPU Local Principal  : CPU Dual Reserva',' '),(326249,'EMPL0101','CGW-10','SP-PASARELA',2011,'2018-01-11 16:59:09',NULL,'Conexión Tarjeta Interfaz. Número: 0: Tipo: IA4',' '),(326250,'EMPL0101','CGW-10','SP-PASARELA',2011,'2018-01-11 16:59:09',NULL,'Conexión Tarjeta Interfaz. Número: 1: Tipo: IA4',' '),(326251,'EMPL0101','CGW-10','SP-PASARELA',2011,'2018-01-11 16:59:09',NULL,'Conexión Tarjeta Interfaz. Número: 2: Tipo: IA4',' '),(326252,'EMPL0101','CGW-10','SP-PASARELA',2005,'2018-01-11 16:59:10',NULL,'Cambio Estado CPUs. CGW: 10.10.184.11 : CPU Local Principal  : CPU Dual Reserva',' '),(326253,'EMPL0101','CGW-10','SP-PASARELA',2007,'2018-01-11 16:59:10',NULL,'Conexión Recurso Radio: RD-10-01',' '),(326254,'EMPL0101','CGW-10','SP-PASARELA',2008,'2018-01-11 16:59:13',NULL,'Desconexión Recurso Radio: RD-10-01',' '),(326255,'EMPL0101','CGW-10','SP-PASARELA',2013,'2018-01-11 16:59:14',NULL,'Conexión Recurso R2: R2-10-12',' '),(326256,'EMPL0101','CGW-10','SP-TELEFONIA',2204,'2018-01-11 16:59:14',NULL,'Fallo llamada de test R2 SCV. Recurso: R2-10-12',' '),(326257,'EMPL0101','CGW-10','SP-TELEFONIA',2204,'2018-01-11 16:59:14',NULL,'Fallo llamada de test R2 SCV. Recurso: R2-10-10',' '),(326258,'EMPL0101','CGW-10','SP-PASARELA',2014,'2018-01-11 16:59:14',NULL,'Desconexión Recurso R2: R2-10-12',' '),(326259,'EMPL0101','CGW-10','SP-PASARELA',2027,'2018-01-11 16:59:17',NULL,'Cambio estado Sincro BD: OK',' '),(326260,'EMPL0102','CGW-20','SP-PASARELA',2005,'2018-01-11 16:59:29',NULL,'Cambio Estado CPUs. CGW: 10.20.184.12 : CPU Local Principal  : CPU Dual Reserva',' '),(326261,'EMPL0101','CGW-10','SP-PASARELA',2005,'2018-01-11 16:59:39',NULL,'Cambio Estado CPUs. CGW: 10.10.184.11 : CPU Local Principal  : CPU Dual Caida',' '),(326262,'EMPL0102','CGW-20','SP-PASARELA',2020,'2018-01-11 16:59:42',NULL,'Desconexión Recurso  LCEN: LC-20-02',' '),(326263,'EMPL0104','CGW-40','SP-PASARELA',2027,'2018-01-11 12:26:54',NULL,'Cambio estado Sincro BD: Aislada-NoInfo',' '),(326264,'EMPL0104','CGW-40','SP-PASARELA',2027,'2018-01-11 12:26:59',NULL,'Cambio estado Sincro BD: OK',' '),(326265,'EMPL0104','CGW-40','SP-PASARELA',2027,'2018-01-11 12:40:50',NULL,'Cambio estado Sincro BD: Aislada-NoInfo',' '),(326266,'EMPL0104','CGW-40','SP-PASARELA',2027,'2018-01-11 12:40:55',NULL,'Cambio estado Sincro BD: OK',' '),(326267,'EMPL0104','CGW-40','SP-PASARELA',2005,'2018-01-11 17:00:12',NULL,'Cambio Estado CPUs. CGW: 10.40.184.12 : CPU Local Principal  : CPU Dual Reserva',' '),(326268,'EMPL0104','CGW-40','SP-PASARELA',2005,'2018-01-11 17:00:12',NULL,'Cambio Estado CPUs. CGW: 10.40.184.12 : CPU Local Principal  : CPU Dual Caida',' '),(326269,'EMPL0104','CGW-40','SP-PASARELA',2005,'2018-01-11 17:00:12',NULL,'Cambio Estado CPUs. CGW: 10.40.184.12 : CPU Local Principal  : CPU Dual Principal',' '),(326270,'EMPL0104','CGW-40','SP-PASARELA',2011,'2018-01-11 17:00:14',NULL,'Conexión Tarjeta Interfaz. Número: 0: Tipo: IA4',' '),(326271,'EMPL0104','CGW-40','SP-PASARELA',2011,'2018-01-11 17:00:14',NULL,'Conexión Tarjeta Interfaz. Número: 1: Tipo: IA4',' '),(326272,'EMPL0104','CGW-40','SP-PASARELA',2019,'2018-01-11 17:00:18',NULL,'Conexión Recurso LCEN: LC-40-12',' '),(326273,'EMPL0104','CGW-40','SP-PASARELA',2007,'2018-01-11 17:00:19',NULL,'Conexión Recurso Radio: RD-40-01',' '),(326274,'EMPL0104','CGW-40','SP-PASARELA',2007,'2018-01-11 17:00:19',NULL,'Conexión Recurso Radio: RD-40-02',' '),(326275,'EMPL0104','CGW-40','SP-PASARELA',2007,'2018-01-11 17:00:20',NULL,'Conexión Recurso Radio: RD-40-11',' '),(326276,'EMPL0104','CGW-40','SP-PASARELA',2005,'2018-01-11 17:00:43',NULL,'Cambio Estado CPUs. CGW: 10.40.184.12 : CPU Local Principal  : CPU Dual Caida',' '),(326277,'EMPL0101','CGW-10','SP-PASARELA',2000,'2018-01-11 17:02:38',NULL,'Cambio estado pasarela:  Aviso',' '),(326278,'EMPL0101','CGW-10','SP-PASARELA',2005,'2018-01-11 17:02:38',NULL,'Cambio Estado CPUs. CGW: 10.10.184.11 : CPU Local Principal  : CPU Dual Reserva',' '),(326279,'EMPL0101','CGW-10','SP-PASARELA',2005,'2018-01-11 17:02:39',NULL,'Cambio Estado CPUs. CGW: 10.10.184.12 : CPU Local Principal  : CPU Dual Principal',' '),(326280,'EMPL0101','CGW-10','SP-PASARELA',2011,'2018-01-11 17:02:40',NULL,'Conexión Tarjeta Interfaz. Número: 0: Tipo: IA4',' '),(326281,'EMPL0101','CGW-10','SP-PASARELA',2000,'2018-01-11 17:02:41',NULL,'Cambio estado pasarela:  Fallo',' '),(326282,'EMPL0101','CGW-10','SP-PASARELA',2011,'2018-01-11 17:02:40',NULL,'Conexión Tarjeta Interfaz. Número: 1: Tipo: IA4',' '),(326283,'EMPL0101','CGW-10','SP-PASARELA',2011,'2018-01-11 17:02:40',NULL,'Conexión Tarjeta Interfaz. Número: 2: Tipo: IA4',' '),(326284,'EMPL0101','CGW-10','SP-TELEFONIA',2204,'2018-01-11 17:02:45',NULL,'Fallo llamada de test R2 SCV. Recurso: R2-10-10',' '),(326285,'EMPL0101','CGW-10','SP-PASARELA',2013,'2018-01-11 17:02:45',NULL,'Conexión Recurso R2: R2-10-10',' '),(326286,'EMPL0101','CGW-10','SP-TELEFONIA',2204,'2018-01-11 17:02:45',NULL,'Fallo llamada de test R2 SCV. Recurso: R2-10-12',' '),(326287,'EMPL0101','CGW-10','SP-PASARELA',2013,'2018-01-11 17:02:45',NULL,'Conexión Recurso R2: R2-10-12',' '),(326288,'EMPL0101','CGW-10','SP-PASARELA',2009,'2018-01-11 17:02:45',NULL,'Conexión Recurso Telefonía: (AB) AB-10-23',' '),(326289,'EMPL0101','CGW-10','SP-PASARELA',2009,'2018-01-11 17:02:46',NULL,'Conexión Recurso Telefonía: (BL) BL-10-03',' '),(326290,'EMPL0101','CGW-10','SP-PASARELA',2009,'2018-01-11 17:02:46',NULL,'Conexión Recurso Telefonía: (BC) BC-10-13',' '),(326291,'EMPL0101','CGW-10','SP-PASARELA',2007,'2018-01-11 17:02:46',NULL,'Conexión Recurso Radio: RD-10-01',' '),(326292,'EMPL0101','CGW-10','SP-PASARELA',2019,'2018-01-11 17:02:47',NULL,'Conexión Recurso LCEN: LC-10-02',' '),(326293,'EMPL0101','CGW-10','SP-PASARELA',2007,'2018-01-11 17:02:47',NULL,'Conexión Recurso Radio: RD-10-10',' '),(326294,'EMPL0101','CGW-10','SP-TELEFONIA',2204,'2018-01-11 17:02:50',NULL,'Fallo llamada de test R2 SCV. Recurso: R2-10-10',' '),(326295,'EMPL0101','CGW-10','SP-TELEFONIA',2204,'2018-01-11 17:02:51',NULL,'Fallo llamada de test R2 SCV. Recurso: R2-10-12',' '),(326296,'EMPL0101','CGW-10','SP-PASARELA',2005,'2018-01-11 17:03:10',NULL,'Cambio Estado CPUs. CGW: 10.10.184.12 : CPU Local Principal  : CPU Dual Caida',' '),(326297,'EMPL0102','CGW-20','SP-PASARELA',2000,'2018-01-11 17:03:16',NULL,'Cambio estado pasarela: Perdida enlace.',' '),(326298,'EMPL0101','CGW-30','SP-PASARELA',2000,'2018-01-11 17:03:18',NULL,'Cambio estado pasarela: Perdida enlace.',' '),(326299,'EMPL0104','CGW-40','SP-PASARELA',2005,'2018-01-11 17:03:43',NULL,'Cambio Estado CPUs. CGW: 10.40.184.12 : CPU Local Principal  : CPU Dual Reserva',' '),(326300,'EMPL0104','CGW-40','SP-PASARELA',2005,'2018-01-11 17:03:45',NULL,'Cambio Estado CPUs. CGW: 10.40.184.11 : CPU Local Principal  : CPU Dual Reserva',' '),(326301,'EMPL0104','CGW-40','SP-PASARELA',2005,'2018-01-11 17:03:45',NULL,'Cambio Estado CPUs. CGW: 10.40.184.11 : CPU Local Principal  : CPU Dual Caida',' '),(326302,'EMPL0104','CGW-40','SP-PASARELA',2005,'2018-01-11 17:03:45',NULL,'Cambio Estado CPUs. CGW: 10.40.184.11 : CPU Local Principal  : CPU Dual Principal',' '),(326303,'EMPL0104','CGW-40','SP-PASARELA',2011,'2018-01-11 17:03:46',NULL,'Conexión Tarjeta Interfaz. Número: 0: Tipo: IA4',' '),(326304,'EMPL0104','CGW-40','SP-PASARELA',2011,'2018-01-11 17:03:46',NULL,'Conexión Tarjeta Interfaz. Número: 1: Tipo: IA4',' '),(326305,'EMPL0104','CGW-40','SP-PASARELA',2019,'2018-01-11 17:03:52',NULL,'Conexión Recurso LCEN: LC-40-12',' '),(326306,'EMPL0104','CGW-40','SP-PASARELA',2007,'2018-01-11 17:03:52',NULL,'Conexión Recurso Radio: RD-40-11',' '),(326307,'EMPL0104','CGW-40','SP-PASARELA',2007,'2018-01-11 17:03:53',NULL,'Conexión Recurso Radio: RD-40-01',' '),(326308,'EMPL0104','CGW-40','SP-PASARELA',2007,'2018-01-11 17:03:53',NULL,'Conexión Recurso Radio: RD-40-02',' '),(326309,'EMPL0102','CGW-20','SP-PASARELA',2000,'2018-01-11 17:04:01',NULL,'Cambio estado pasarela: Recuperación de enlace.',' '),(326310,'EMPL0102','CGW-20','SP-PASARELA',2011,'2018-01-11 17:04:00',NULL,'Conexión Tarjeta Interfaz. Número: 0: Tipo: IA4',' '),(326311,'EMPL0102','CGW-20','SP-PASARELA',2011,'2018-01-11 17:04:00',NULL,'Conexión Tarjeta Interfaz. Número: 1: Tipo: IA4',' '),(326312,'EMPL0102','CGW-20','SP-PASARELA',2011,'2018-01-11 17:04:00',NULL,'Conexión Tarjeta Interfaz. Número: 2: Tipo: IA4',' '),(326313,'EMPL0102','CGW-20','SP-PASARELA',2011,'2018-01-11 17:04:00',NULL,'Conexión Tarjeta Interfaz. Número: 3: Tipo: IA4',' '),(326314,'EMPL0102','CGW-20','SP-PASARELA',2013,'2018-01-11 17:04:05',NULL,'Conexión Recurso R2: R2-20-00',' '),(326315,'EMPL0102','CGW-20','SP-TELEFONIA',2204,'2018-01-11 17:04:05',NULL,'Fallo llamada de test R2 SCV. Recurso: R2-20-00',' '),(326316,'EMPL0102','CGW-20','SP-PASARELA',2007,'2018-01-11 17:04:06',NULL,'Conexión Recurso Radio: RD-20-10',' '),(326317,'EMPL0102','CGW-20','SP-PASARELA',2007,'2018-01-11 17:04:06',NULL,'Conexión Recurso Radio: RD-20-11',' '),(326318,'EMPL0101','CGW-10','SP-RADIO',2101,'2018-01-11 17:04:08',NULL,'Cambio sesión SIP. Recurso: RD-10-01 Sesión:  ON sip.RD-20-11@10.20.184.13.5060 Activa ',' '),(326319,'EMPL0102','CGW-20','SP-RADIO',2101,'2018-01-11 17:04:08',NULL,'Cambio sesión SIP. Recurso: RD-20-11 Sesión:  ON sip.RD-10-01@10.10.184.13 Activa ',' '),(326320,'EMPL0102','CGW-20','SP-PASARELA',2019,'2018-01-11 17:04:08',NULL,'Conexión Recurso LCEN: LC-20-02',' '),(326321,'EMPL0101','CGW-10','SP-RADIO',2101,'2018-01-11 17:04:09',NULL,'Cambio sesión SIP. Recurso: RD-10-01 Sesión:  ON sip.RD-20-10@10.20.184.13.5060 Activa ',' '),(326322,'EMPL0102','CGW-20','SP-RADIO',2101,'2018-01-11 17:04:09',NULL,'Cambio sesión SIP. Recurso: RD-20-10 Sesión:  ON sip.RD-10-01@10.10.184.13 Activa ',' '),(326323,'EMPL0102','CGW-20','SP-TELEFONIA',2204,'2018-01-11 17:04:11',NULL,'Fallo llamada de test R2 SCV. Recurso: R2-20-00',' '),(326324,'EMPL0104','CGW-40','SP-PASARELA',2005,'2018-01-11 17:04:16',NULL,'Cambio Estado CPUs. CGW: 10.40.184.11 : CPU Local Principal  : CPU Dual Caida',' '),(326325,'EMPL0101','CGW-30','SP-PASARELA',2000,'2018-01-11 17:04:26',NULL,'Cambio estado pasarela: Recuperación de enlace.',' '),(326326,'EMPL0101','CGW-10','SP-PASARELA',2005,'2018-01-11 17:04:28',NULL,'Cambio Estado CPUs. CGW: 10.10.184.12 : CPU Local Principal  : CPU Dual Reserva',' '),(326327,'EMPL0102','CGW-20','SP-RADIO',2101,'2018-01-11 17:04:31',NULL,'Cambio sesión SIP. Recurso: RD-20-11 Sesión:  OFF sip.RD-10-01@10.10.184.13 - ',' '),(326328,'EMPL0101','CGW-10','SP-PASARELA',2014,'2018-01-11 17:04:31',NULL,'Desconexión Recurso R2: R2-10-10',' '),(326329,'EMPL0101','CGW-10','SP-RADIO',2101,'2018-01-11 17:04:31',NULL,'Cambio sesión SIP. Recurso: RD-10-01 Sesión:  OFF sip.RD-20-11@10.20.184.13.5060 - ',' '),(326330,'EMPL0102','CGW-20','SP-RADIO',2101,'2018-01-11 17:04:32',NULL,'Cambio sesión SIP. Recurso: RD-20-10 Sesión:  OFF sip.RD-10-01@10.10.184.13 - ',' '),(326331,'EMPL0101','CGW-10','SP-RADIO',2101,'2018-01-11 17:04:33',NULL,'Cambio sesión SIP. Recurso: RD-10-01 Sesión:  OFF sip.RD-20-10@10.20.184.13.5060 - ',' '),(326332,'EMPL0102','CGW-20','SP-RADIO',2101,'2018-01-11 17:04:33',NULL,'Cambio sesión SIP. Recurso: RD-20-11 Sesión:  ON sip.RD-10-01@10.10.184.13 Activa ',' '),(326333,'EMPL0102','CGW-20','SP-RADIO',2101,'2018-01-11 17:04:34',NULL,'Cambio sesión SIP. Recurso: RD-20-10 Sesión:  ON sip.RD-10-01@10.10.184.13 Activa ',' '),(326334,'EMPL0102','CGW-20','SP-RADIO',2101,'2018-01-11 17:04:36',NULL,'Cambio sesión SIP. Recurso: RD-20-10 Sesión:  OFF sip.RD-10-01@10.10.184.13 - ',' '),(326335,'EMPL0102','CGW-20','SP-RADIO',2101,'2018-01-11 17:04:37',NULL,'Cambio sesión SIP. Recurso: RD-20-11 Sesión:  OFF sip.RD-10-01@10.10.184.13 - ',' '),(326336,'EMPL0102','CGW-20','SP-RADIO',2101,'2018-01-11 17:04:38',NULL,'Cambio sesión SIP. Recurso: RD-20-11 Sesión:  ON sip.RD-10-01@10.10.184.13 Activa ',' '),(326337,'EMPL0102','CGW-20','SP-PASARELA',2005,'2018-01-11 17:04:39',NULL,'Cambio Estado CPUs. CGW: 10.20.184.12 : CPU Local Principal  : CPU Dual Reserva',' '),(326338,'EMPL0102','CGW-20','SP-RADIO',2101,'2018-01-11 17:04:39',NULL,'Cambio sesión SIP. Recurso: RD-20-10 Sesión:  ON sip.RD-10-01@10.10.184.13 Activa ',' '),(326339,'EMPL0102','CGW-20','SP-RADIO',2101,'2018-01-11 17:04:40',NULL,'Cambio sesión SIP. Recurso: RD-20-11 Sesión:  OFF sip.RD-10-01@10.10.184.13 - ',' '),(326340,'EMPL0102','CGW-20','SP-RADIO',2101,'2018-01-11 17:04:41',NULL,'Cambio sesión SIP. Recurso: RD-20-10 Sesión:  OFF sip.RD-10-01@10.10.184.13 - ',' '),(326341,'EMPL0101','CGW-10','SP-PASARELA',2013,'2018-01-11 17:04:43',NULL,'Conexión Recurso R2: R2-10-10',' '),(326342,'EMPL0101','CGW-10','SP-TELEFONIA',2204,'2018-01-11 17:04:44',NULL,'Fallo llamada de test R2 SCV. Recurso: R2-10-10',' '),(326343,'EMPL0101','CGW-10','SP-RADIO',2101,'2018-01-11 17:04:44',NULL,'Cambio sesión SIP. Recurso: RD-10-01 Sesión:  ON sip.RD-20-11@10.20.184.13.5060 Activa ',' '),(326344,'EMPL0102','CGW-20','SP-RADIO',2101,'2018-01-11 17:04:44',NULL,'Cambio sesión SIP. Recurso: RD-20-11 Sesión:  ON sip.RD-10-01@10.10.184.13 Activa ',' '),(326345,'EMPL0101','CGW-10','SP-RADIO',2101,'2018-01-11 17:04:45',NULL,'Cambio sesión SIP. Recurso: RD-10-01 Sesión:  ON sip.RD-20-10@10.20.184.13.5060 Activa ',' '),(326346,'EMPL0102','CGW-20','SP-RADIO',2101,'2018-01-11 17:04:46',NULL,'Cambio sesión SIP. Recurso: RD-20-10 Sesión:  ON sip.RD-10-01@10.10.184.13 Activa ',' '),(326347,'EMPL0101','CGW-10','SP-TELEFONIA',2204,'2018-01-11 17:04:49',NULL,'Fallo llamada de test R2 SCV. Recurso: R2-10-10',' '),(326348,'EMPL0104','CGW-40','SP-PASARELA',2005,'2018-01-11 17:06:05',NULL,'Cambio Estado CPUs. CGW: 10.40.184.11 : CPU Local Principal  : CPU Dual Reserva',' '),(326349,'EMPL0101','CGW-10','SP-TELEFONIA',2204,'2018-01-11 17:07:04',NULL,'Fallo llamada de test R2 SCV. Recurso: R2-10-10',' '),(326350,'EMPL0101','CGW-10','SP-TELEFONIA',2204,'2018-01-11 17:07:56',NULL,'Fallo llamada de test R2 SCV. Recurso: R2-10-10',' '),(326351,NULL,'CFG','SEGURIDAD',50,'2018-01-11 17:09:59',NULL,'Inicio sesión Configuración Centralizada  del usuario .','1'),(326352,NULL,'CFG','CONF-R',109,'2018-01-11 17:10:16',NULL,'Modificación de Parámetros Generales de Pasarela CGW-10.','1 (a)'),(326353,NULL,'CFG','CONF-R',105,'2018-01-11 17:10:21',NULL,'Carga de Configuración Remota CFG4.','1 (a)'),(326354,'SERVIDOR UG5K','RCS2010 U5KGR','SP-GEN',201,'2018-01-11 17:10:30',NULL,'Arranque APP RCS2010 UG5KR en puesto: @SERVIDOR UG5K',' '),(326355,'EMPL0101','CGW-10','SP-PASARELA',2000,'2018-01-11 17:10:34',NULL,'Cambio estado pasarela:  Fallo',' '),(326356,'EMPL0101','CGW-30','SP-PASARELA',2000,'2018-01-11 17:10:34',NULL,'Cambio estado pasarela:  Fallo',' '),(326357,'EMPL0102','CGW-20','SP-PASARELA',2000,'2018-01-11 17:10:34',NULL,'Cambio estado pasarela:  Aviso',' '),(326358,'EMPL0101','CGW-10','SP-RADIO',2101,'2018-01-11 17:10:34',NULL,'Cambio sesión SIP. Recurso: RD-10-01 Sesión:  ON sip.RD-20-11@10.20.184.13.5060 Activa ',' '),(326359,'EMPL0104','CGW-40','SP-PASARELA',2000,'2018-01-11 17:10:35',NULL,'Cambio estado pasarela:  Aviso',' '),(326360,'EMPL0102','CGW-20','SP-RADIO',2101,'2018-01-11 17:10:34',NULL,'Cambio sesión SIP. Recurso: RD-20-11 Sesión:  ON sip.RD-10-01@10.10.184.13 Activa ',' '),(326361,'EMPL0101','CGW-10','SP-RADIO',2101,'2018-01-11 17:10:36',NULL,'Cambio sesión SIP. Recurso: RD-10-01 Sesión:  ON sip.RD-20-10@10.20.184.13.5060 Activa ',' '),(326362,'EMPL0102','CGW-20','SP-RADIO',2101,'2018-01-11 17:10:35',NULL,'Cambio sesión SIP. Recurso: RD-20-10 Sesión:  ON sip.RD-10-01@10.10.184.13 Activa ',' '),(326363,'EMPL0101','CGW-10A','SP-PASARELA',2000,'2018-01-11 17:10:43',NULL,'Cambio estado pasarela: Perdida enlace.',' '),(326364,'EMPL0102','CGW-20B','SP-PASARELA',2000,'2018-01-11 17:10:43',NULL,'Cambio estado pasarela: Perdida enlace.',' '),(326365,'EMPL0102','CGW-20C','SP-PASARELA',2000,'2018-01-11 17:10:44',NULL,'Cambio estado pasarela: Perdida enlace.',' '),(326366,NULL,'CFG','CONF-R',116,'2018-01-11 17:11:28',NULL,'Modificación de Parámetros Lógicos de  Recurso RD-10-01.','1 (a)'),(326367,NULL,'CFG','CONF-R',116,'2018-01-11 17:11:43',NULL,'Modificación de Parámetros Lógicos de  Recurso RD-20-10.','1 (a)'),(326368,NULL,'CFG','CONF-R',109,'2018-01-11 17:11:46',NULL,'Modificación de Parámetros Generales de Pasarela CGW-20.','1 (a)'),(326369,NULL,'CFG','CONF-R',105,'2018-01-11 17:11:50',NULL,'Carga de Configuración Remota CFG4.','1 (a)'),(326370,'SERVIDOR UG5K','RCS2010 U5KGR','SP-GEN',201,'2018-01-11 17:12:00',NULL,'Arranque APP RCS2010 UG5KR en puesto: @SERVIDOR UG5K',' '),(326371,'EMPL0101','CGW-10','SP-PASARELA',2000,'2018-01-11 17:12:03',NULL,'Cambio estado pasarela:  Fallo',' '),(326372,'EMPL0101','CGW-30','SP-PASARELA',2000,'2018-01-11 17:12:04',NULL,'Cambio estado pasarela:  Fallo',' '),(326373,'EMPL0102','CGW-20','SP-PASARELA',2000,'2018-01-11 17:12:04',NULL,'Cambio estado pasarela:  Aviso',' '),(326374,'EMPL0104','CGW-40','SP-PASARELA',2000,'2018-01-11 17:12:04',NULL,'Cambio estado pasarela:  Aviso',' '),(326375,'EMPL0101','CGW-10','SP-RADIO',2101,'2018-01-11 17:12:02',NULL,'Cambio sesión SIP. Recurso: RD-10-01 Sesión:  OFF sip.RD-20-11@10.20.184.13.5060 - ',' '),(326376,'EMPL0101','CGW-10','SP-RADIO',2101,'2018-01-11 17:12:03',NULL,'Cambio sesión SIP. Recurso: RD-10-01 Sesión:  OFF sip.RD-20-10@10.20.184.13.5060 - ',' '),(326377,'EMPL0102','CGW-20','SP-RADIO',2101,'2018-01-11 17:12:02',NULL,'Cambio sesión SIP. Recurso: RD-20-11 Sesión:  OFF sip.RD-10-01@10.10.184.13 - ',' '),(326378,'EMPL0102','CGW-20','SP-RADIO',2101,'2018-01-11 17:12:03',NULL,'Cambio sesión SIP. Recurso: RD-20-10 Sesión:  OFF sip.RD-10-01@10.10.184.13 - ',' '),(326379,'EMPL0101','CGW-10','SP-RADIO',2101,'2018-01-11 17:12:07',NULL,'Cambio sesión SIP. Recurso: RD-10-01 Sesión:  ON sip.RD-20-11@10.20.184.13.5060 Activa ',' '),(326380,'EMPL0102','CGW-20','SP-RADIO',2101,'2018-01-11 17:12:07',NULL,'Cambio sesión SIP. Recurso: RD-20-11 Sesión:  ON sip.RD-10-01@10.10.184.13 Activa ',' '),(326381,'EMPL0101','CGW-10','SP-RADIO',2101,'2018-01-11 17:12:08',NULL,'Cambio sesión SIP. Recurso: RD-10-01 Sesión:  ON sip.RD-20-10@10.20.184.13.5060 Activa ',' '),(326382,'EMPL0102','CGW-20','SP-RADIO',2101,'2018-01-11 17:12:08',NULL,'Cambio sesión SIP. Recurso: RD-20-10 Sesión:  ON sip.RD-10-01@10.10.184.13 Activa ',' '),(326383,'EMPL0101','CGW-10A','SP-PASARELA',2000,'2018-01-11 17:12:12',NULL,'Cambio estado pasarela: Perdida enlace.',' '),(326384,'EMPL0102','CGW-20B','SP-PASARELA',2000,'2018-01-11 17:12:13',NULL,'Cambio estado pasarela: Perdida enlace.',' '),(326385,'EMPL0102','CGW-20C','SP-PASARELA',2000,'2018-01-11 17:12:13',NULL,'Cambio estado pasarela: Perdida enlace.',' '),(326386,'EMPL0102','CGW-20','CONF-L',153,'2018-01-11 17:13:13',NULL,'Modificación SW en Recurso: RD-20-11. TIPO-GRAL-RADIO=5. origen Conf.Local',' '),(326387,'EMPL0102','CGW-20','CONF-L',153,'2018-01-11 17:13:13',NULL,'Modificación SW en Recurso: RD-20-10. TIPO-GRAL-RADIO=6. origen Conf.Local',' '),(326388,'EMPL0102','CGW-20','CONF-L',153,'2018-01-11 17:13:13',NULL,'Modificación SW en Recurso: RD-20-10. METODO BSS=0. origen Conf.Local',' '),(326389,'EMPL0102','CGW-20','SP-RADIO',2101,'2018-01-11 17:13:14',NULL,'Cambio sesión SIP. Recurso: RD-20-10 Sesión:  OFF sip.RD-10-01@10.10.184.13 - ',' '),(326390,'EMPL0101','CGW-10','SP-RADIO',2101,'2018-01-11 17:13:14',NULL,'Cambio sesión SIP. Recurso: RD-10-01 Sesión:  OFF sip.RD-20-10@10.20.184.13.5060 - ',' '),(326391,'EMPL0102','CGW-20','CONF-L',161,'2018-01-11 17:13:15',NULL,'Conflicto de Configuración en GW: GW. 10.20.184.12=. origen Conf.Local',' '),(326392,'EMPL0102','CGW-20','SP-PASARELA',2027,'2018-01-11 17:13:15',NULL,'Cambio estado Sincro BD: Conflicto',' '),(326393,'EMPL0101','CGW-10','SP-RADIO',2101,'2018-01-11 17:13:19',NULL,'Cambio sesión SIP. Recurso: RD-10-01 Sesión:  ON sip.RD-20-10@10.20.184.13.5060 Activa ',' '),(326394,'EMPL0102','CGW-20','SP-RADIO',2101,'2018-01-11 17:13:20',NULL,'Cambio sesión SIP. Recurso: RD-20-10 Sesión:  ON sip.RD-10-01@10.10.184.13 Activa ',' '),(326395,'EMPL0102','CGW-20','SP-PASARELA',2027,'2018-01-11 17:13:25',NULL,'Cambio estado Sincro BD: Aislada-NoInfo',' '),(326396,'EMPL0102','CGW-20','CONF-L',161,'2018-01-11 17:13:28',NULL,'Conflicto de Configuración en GW: GW. 10.20.184.12=. origen Conf.Local',' '),(326397,'EMPL0102','CGW-20','SP-PASARELA',2027,'2018-01-11 17:13:28',NULL,'Cambio estado Sincro BD: Conflicto',' '),(326398,NULL,'CFG','CONF-R',105,'2018-01-11 17:14:43',NULL,'Carga de Configuración Remota CFG4.','1 (a)'),(326399,'EMPL0102','CGW-20','SP-PASARELA',2027,'2018-01-11 17:14:49',NULL,'Cambio estado Sincro BD: OK',' '),(326400,'EMPL0102','CGW-20','SP-RADIO',2101,'2018-01-11 17:14:49',NULL,'Cambio sesión SIP. Recurso: RD-20-10 Sesión:  OFF sip.RD-10-01@10.10.184.13 - ',' '),(326401,'EMPL0101','CGW-10','SP-RADIO',2101,'2018-01-11 17:14:50',NULL,'Cambio sesión SIP. Recurso: RD-10-01 Sesión:  OFF sip.RD-20-10@10.20.184.13.5060 - ',' '),(326402,'EMPL0102','CGW-20','SP-RADIO',2101,'2018-01-11 17:14:52',NULL,'Cambio sesión SIP. Recurso: RD-20-10 Sesión:  ON sip.RD-10-01@10.10.184.13 Activa ',' '),(326403,'EMPL0101','CGW-10','SP-RADIO',2101,'2018-01-11 17:14:52',NULL,'Cambio sesión SIP. Recurso: RD-10-01 Sesión:  ON sip.RD-20-10@10.20.184.13.5060 Activa ',' '),(326404,'SERVIDOR UG5K','RCS2010 U5KGR','SP-GEN',201,'2018-01-11 17:15:00',NULL,'Arranque APP RCS2010 UG5KR en puesto: @SERVIDOR UG5K',' '),(326405,'EMPL0101','CGW-10','SP-PASARELA',2000,'2018-01-11 17:15:03',NULL,'Cambio estado pasarela:  Fallo',' '),(326406,'EMPL0101','CGW-30','SP-PASARELA',2000,'2018-01-11 17:15:03',NULL,'Cambio estado pasarela:  Fallo',' '),(326407,'EMPL0102','CGW-20','SP-PASARELA',2000,'2018-01-11 17:15:03',NULL,'Cambio estado pasarela:  Aviso',' '),(326408,'EMPL0104','CGW-40','SP-PASARELA',2000,'2018-01-11 17:15:04',NULL,'Cambio estado pasarela:  Aviso',' '),(326409,'EMPL0101','CGW-10A','SP-PASARELA',2000,'2018-01-11 17:15:12',NULL,'Cambio estado pasarela: Perdida enlace.',' '),(326410,'EMPL0102','CGW-20B','SP-PASARELA',2000,'2018-01-11 17:15:12',NULL,'Cambio estado pasarela: Perdida enlace.',' '),(326411,'EMPL0102','CGW-20C','SP-PASARELA',2000,'2018-01-11 17:15:13',NULL,'Cambio estado pasarela: Perdida enlace.',' '),(326412,'SERVIDOR UG5K','RCS2010 U5KGR','SEGURIDAD',47,'2018-01-11 17:17:01',NULL,'Inicio sesión RCS2010 UG5KR  del usuario: 1@SERVIDOR UG5K','1@SERVIDOR UG5K'),(326413,'EMPL0101','CGW-10','MAN-L',183,'2018-01-11 17:17:35',NULL,'Selección Bucle:  RF Local F.D.  Emplazamiento 1  en  RD-10-01.','1@SERVIDOR UG5K'),(326414,'EMPL0101','CGW-10','MAN-L',193,'2018-01-11 17:17:37',NULL,'Resultado Bucle: RF Local Simple en  RD-10-01 : --------','1@SERVIDOR UG5K'),(326415,'EMPL0101','CGW-10','MAN-L',183,'2018-01-11 17:18:19',NULL,'Selección Bucle:  RF Local F.D.  Emplazamiento 1  en  RD-10-01.','1@SERVIDOR UG5K'),(326416,'EMPL0101','CGW-10','MAN-L',193,'2018-01-11 17:18:21',NULL,'Resultado Bucle: RF Local Simple en  RD-10-01 : --------','1@SERVIDOR UG5K'),(326417,'EMPL0101','CGW-10','MAN-L',186,'2018-01-11 17:18:40',NULL,'Selección Modo:  MANTENIMIENTO  en recurso  RD-10-01','1@SERVIDOR UG5K'),(326418,'EMPL0101','CGW-10','MAN-L',196,'2018-01-11 17:18:42',NULL,'Resultado  Modo:  MANTENIMIENTO  en recurso  RD-10-01','1@SERVIDOR UG5K'),(326419,'EMPL0102','CGW-20','SP-RADIO',2101,'2018-01-11 17:18:44',NULL,'Cambio sesión SIP. Recurso: RD-20-11 Sesión:  ON sip.RD-10-01@10.10.184.13 Idle ',' '),(326420,'EMPL0101','CGW-10','SP-RADIO',2101,'2018-01-11 17:18:43',NULL,'Cambio sesión SIP. Recurso: RD-10-01 Sesión:  ON sip.RD-20-11@10.20.184.13.5060 Idle ',' '),(326421,'EMPL0101','CGW-10','SP-RADIO',2101,'2018-01-11 17:18:45',NULL,'Cambio sesión SIP. Recurso: RD-10-01 Sesión:  ON sip.RD-20-10@10.20.184.13.5060 Idle ',' '),(326422,'EMPL0102','CGW-20','SP-RADIO',2101,'2018-01-11 17:18:45',NULL,'Cambio sesión SIP. Recurso: RD-20-10 Sesión:  ON sip.RD-10-01@10.10.184.13 Idle ',' '),(326423,'EMPL0101','CGW-10','MAN-L',183,'2018-01-11 17:18:53',NULL,'Selección Bucle:  RF Local F.D.  Emplazamiento 1  en  RD-10-01.','1@SERVIDOR UG5K'),(326424,'EMPL0102','CGW-20','SP-RADIO',2101,'2018-01-11 17:18:54',NULL,'Cambio sesión SIP. Recurso: RD-20-11 Sesión:  ON sip.RD-10-01@10.10.184.13 Activa ',' '),(326425,'EMPL0101','CGW-10','SP-RADIO',2101,'2018-01-11 17:18:54',NULL,'Cambio sesión SIP. Recurso: RD-10-01 Sesión:  ON sip.RD-20-11@10.20.184.13.5060 Activa ',' '),(326426,'EMPL0102','CGW-20','SP-RADIO',2101,'2018-01-11 17:18:55',NULL,'Cambio sesión SIP. Recurso: RD-20-10 Sesión:  ON sip.RD-10-01@10.10.184.13 Activa ',' '),(326427,'EMPL0101','CGW-10','SP-RADIO',2101,'2018-01-11 17:18:55',NULL,'Cambio sesión SIP. Recurso: RD-10-01 Sesión:  ON sip.RD-20-10@10.20.184.13.5060 Activa ',' '),(326428,'EMPL0101','CGW-10','MAN-L',193,'2018-01-11 17:19:00',NULL,'Resultado Bucle: RF Local Simple en  RD-10-01 : --------','1@SERVIDOR UG5K'),(326429,'EMPL0101','CGW-10','SP-RADIO',2101,'2018-01-11 17:19:09',NULL,'Cambio sesión SIP. Recurso: RD-10-01 Sesión:  ON sip.RD-20-11@10.20.184.13.5060 Idle ',' '),(326430,'EMPL0102','CGW-20','SP-RADIO',2101,'2018-01-11 17:19:09',NULL,'Cambio sesión SIP. Recurso: RD-20-11 Sesión:  ON sip.RD-10-01@10.10.184.13 Idle ',' '),(326431,'EMPL0102','CGW-20','SP-RADIO',2101,'2018-01-11 17:19:10',NULL,'Cambio sesión SIP. Recurso: RD-20-10 Sesión:  ON sip.RD-10-01@10.10.184.13 Idle ',' '),(326432,'EMPL0101','CGW-10','SP-RADIO',2101,'2018-01-11 17:19:10',NULL,'Cambio sesión SIP. Recurso: RD-10-01 Sesión:  ON sip.RD-20-10@10.20.184.13.5060 Idle ',' '),(326433,'EMPL0101','CGW-10','MAN-L',183,'2018-01-11 17:19:28',NULL,'Selección Bucle:  RF Local F.D.  Emplazamiento 1  en  RD-10-01.','1@SERVIDOR UG5K'),(326434,'EMPL0101','CGW-10','SP-RADIO',2101,'2018-01-11 17:19:30',NULL,'Cambio sesión SIP. Recurso: RD-10-01 Sesión:  ON sip.RD-20-11@10.20.184.13.5060 Activa ',' '),(326435,'EMPL0102','CGW-20','SP-RADIO',2101,'2018-01-11 17:19:30',NULL,'Cambio sesión SIP. Recurso: RD-20-11 Sesión:  ON sip.RD-10-01@10.10.184.13 Activa ',' '),(326436,'EMPL0102','CGW-20','SP-RADIO',2101,'2018-01-11 17:19:31',NULL,'Cambio sesión SIP. Recurso: RD-20-10 Sesión:  ON sip.RD-10-01@10.10.184.13 Activa ',' '),(326437,'EMPL0101','CGW-10','SP-RADIO',2101,'2018-01-11 17:19:31',NULL,'Cambio sesión SIP. Recurso: RD-10-01 Sesión:  ON sip.RD-20-10@10.20.184.13.5060 Activa ',' '),(326438,'EMPL0101','CGW-10','MAN-L',193,'2018-01-11 17:19:41',NULL,'Resultado Bucle: RF Local Simple en  RD-10-01 : --------','1@SERVIDOR UG5K'),(326439,'EMPL0101','CGW-10','SP-RADIO',2101,'2018-01-11 17:19:46',NULL,'Cambio sesión SIP. Recurso: RD-10-01 Sesión:  ON sip.RD-20-11@10.20.184.13.5060 Idle ',' '),(326440,'EMPL0102','CGW-20','SP-RADIO',2101,'2018-01-11 17:19:46',NULL,'Cambio sesión SIP. Recurso: RD-20-11 Sesión:  ON sip.RD-10-01@10.10.184.13 Idle ',' '),(326441,'EMPL0101','CGW-10','SP-RADIO',2101,'2018-01-11 17:19:47',NULL,'Cambio sesión SIP. Recurso: RD-10-01 Sesión:  ON sip.RD-20-10@10.20.184.13.5060 Idle ',' '),(326442,'EMPL0102','CGW-20','SP-RADIO',2101,'2018-01-11 17:19:47',NULL,'Cambio sesión SIP. Recurso: RD-20-10 Sesión:  ON sip.RD-10-01@10.10.184.13 Idle ',' '),(326443,'EMPL0101','CGW-10','MAN-L',186,'2018-01-11 17:19:53',NULL,'Selección Modo:  NORMAL  en recurso  RD-10-01','1@SERVIDOR UG5K'),(326444,'EMPL0101','CGW-10','MAN-L',196,'2018-01-11 17:19:55',NULL,'Resultado  Modo:  NORMAL en recurso  RD-10-01','1@SERVIDOR UG5K'),(326445,'EMPL0102','CGW-20','SP-RADIO',2101,'2018-01-11 17:19:56',NULL,'Cambio sesión SIP. Recurso: RD-20-11 Sesión:  ON sip.RD-10-01@10.10.184.13 Activa ',' '),(326446,'EMPL0101','CGW-10','SP-RADIO',2101,'2018-01-11 17:19:55',NULL,'Cambio sesión SIP. Recurso: RD-10-01 Sesión:  ON sip.RD-20-11@10.20.184.13.5060 Activa ',' '),(326447,'EMPL0101','CGW-10','SP-RADIO',2101,'2018-01-11 17:19:57',NULL,'Cambio sesión SIP. Recurso: RD-10-01 Sesión:  ON sip.RD-20-10@10.20.184.13.5060 Activa ',' '),(326448,'EMPL0102','CGW-20','SP-RADIO',2101,'2018-01-11 17:19:57',NULL,'Cambio sesión SIP. Recurso: RD-20-10 Sesión:  ON sip.RD-10-01@10.10.184.13 Activa ',' '),(326449,'EMPL0101','CGW-10','MAN-L',183,'2018-01-11 17:20:05',NULL,'Selección Bucle:  RF Local F.D.  Emplazamiento 1  en  RD-10-01.','1@SERVIDOR UG5K'),(326450,'EMPL0101','CGW-10','MAN-L',193,'2018-01-11 17:20:26',NULL,'Resultado Bucle: RF Local Simple no ejecutado  en  RD-10-01 :  TIME OUT','1@SERVIDOR UG5K'),(326451,'EMPL0101','CGW-10','MAN-L',186,'2018-01-11 17:20:45',NULL,'Selección Modo:  MANTENIMIENTO  en recurso  RD-10-01','1@SERVIDOR UG5K'),(326452,'EMPL0101','CGW-10','MAN-L',196,'2018-01-11 17:20:47',NULL,'Resultado  Modo:  MANTENIMIENTO  en recurso  RD-10-01','1@SERVIDOR UG5K'),(326453,'EMPL0102','CGW-20','SP-RADIO',2101,'2018-01-11 17:20:47',NULL,'Cambio sesión SIP. Recurso: RD-20-11 Sesión:  ON sip.RD-10-01@10.10.184.13 Idle ',' '),(326454,'EMPL0101','CGW-10','SP-RADIO',2101,'2018-01-11 17:20:47',NULL,'Cambio sesión SIP. Recurso: RD-10-01 Sesión:  ON sip.RD-20-11@10.20.184.13.5060 Idle ',' '),(326455,'EMPL0102','CGW-20','SP-RADIO',2101,'2018-01-11 17:20:48',NULL,'Cambio sesión SIP. Recurso: RD-20-10 Sesión:  ON sip.RD-10-01@10.10.184.13 Idle ',' '),(326456,'EMPL0101','CGW-10','SP-RADIO',2101,'2018-01-11 17:20:48',NULL,'Cambio sesión SIP. Recurso: RD-10-01 Sesión:  ON sip.RD-20-10@10.20.184.13.5060 Idle ',' '),(326457,'EMPL0101','CGW-10','MAN-L',183,'2018-01-11 17:21:02',NULL,'Selección Bucle:  RF Local F.D.  Emplazamiento 1  en  RD-10-01.','1@SERVIDOR UG5K'),(326458,'EMPL0102','CGW-20','SP-RADIO',2101,'2018-01-11 17:21:08',NULL,'Cambio sesión SIP. Recurso: RD-20-11 Sesión:  ON sip.RD-10-01@10.10.184.13 Activa ',' '),(326459,'EMPL0101','CGW-10','SP-RADIO',2101,'2018-01-11 17:21:08',NULL,'Cambio sesión SIP. Recurso: RD-10-01 Sesión:  ON sip.RD-20-11@10.20.184.13.5060 Activa ',' '),(326460,'EMPL0101','CGW-10','SP-RADIO',2101,'2018-01-11 17:21:09',NULL,'Cambio sesión SIP. Recurso: RD-10-01 Sesión:  ON sip.RD-20-10@10.20.184.13.5060 Activa ',' '),(326461,'EMPL0102','CGW-20','SP-RADIO',2101,'2018-01-11 17:21:09',NULL,'Cambio sesión SIP. Recurso: RD-20-10 Sesión:  ON sip.RD-10-01@10.10.184.13 Activa ',' '),(326462,'EMPL0101','CGW-10','MAN-L',193,'2018-01-11 17:21:21',NULL,'Resultado Bucle: RF Local Simple en  RD-10-01 : --------','1@SERVIDOR UG5K'),(326463,'EMPL0101','CGW-10','SP-RADIO',2101,'2018-01-11 17:21:23',NULL,'Cambio sesión SIP. Recurso: RD-10-01 Sesión:  ON sip.RD-20-11@10.20.184.13.5060 Idle ',' '),(326464,'EMPL0102','CGW-20','SP-RADIO',2101,'2018-01-11 17:21:23',NULL,'Cambio sesión SIP. Recurso: RD-20-11 Sesión:  ON sip.RD-10-01@10.10.184.13 Idle ',' '),(326465,'EMPL0101','CGW-10','SP-RADIO',2101,'2018-01-11 17:21:24',NULL,'Cambio sesión SIP. Recurso: RD-10-01 Sesión:  ON sip.RD-20-10@10.20.184.13.5060 Idle ',' '),(326466,'EMPL0102','CGW-20','SP-RADIO',2101,'2018-01-11 17:21:25',NULL,'Cambio sesión SIP. Recurso: RD-20-10 Sesión:  ON sip.RD-10-01@10.10.184.13 Idle ',' '),(326467,'EMPL0101','CGW-10','MAN-L',186,'2018-01-11 17:21:51',NULL,'Selección Modo:  NORMAL  en recurso  RD-10-01','1@SERVIDOR UG5K'),(326468,'EMPL0101','CGW-10','MAN-L',196,'2018-01-11 17:21:53',NULL,'Resultado  Modo:  NORMAL en recurso  RD-10-01','1@SERVIDOR UG5K'),(326469,'EMPL0101','CGW-10','SP-RADIO',2101,'2018-01-11 17:21:54',NULL,'Cambio sesión SIP. Recurso: RD-10-01 Sesión:  ON sip.RD-20-11@10.20.184.13.5060 Activa ',' '),(326470,'EMPL0102','CGW-20','SP-RADIO',2101,'2018-01-11 17:21:55',NULL,'Cambio sesión SIP. Recurso: RD-20-11 Sesión:  ON sip.RD-10-01@10.10.184.13 Activa ',' '),(326471,'EMPL0102','CGW-20','SP-RADIO',2101,'2018-01-11 17:21:56',NULL,'Cambio sesión SIP. Recurso: RD-20-10 Sesión:  ON sip.RD-10-01@10.10.184.13 Activa ',' '),(326472,'EMPL0101','CGW-10','SP-RADIO',2101,'2018-01-11 17:21:56',NULL,'Cambio sesión SIP. Recurso: RD-10-01 Sesión:  ON sip.RD-20-10@10.20.184.13.5060 Activa ',' '),(326473,'EMPL0102','CGW-20','SP-TELEFONIA',2203,'2018-01-11 17:22:28',NULL,'Error Protocolo R2. Recurso: R2-20-00.',' '),(326474,'EMPL0102','CGW-20','SP-TELEFONIA',2204,'2018-01-11 17:22:32',NULL,'Fallo llamada de test R2 SCV. Recurso: R2-20-00',' '),(326475,'EMPL0102','CGW-20','SP-TELEFONIA',2203,'2018-01-11 17:23:48',NULL,'Error Protocolo R2. Recurso: R2-20-00.',' '),(326476,'EMPL0102','CGW-20','SP-TELEFONIA',2204,'2018-01-11 17:23:58',NULL,'Fallo llamada de test R2 SCV. Recurso: R2-20-00',' '),(326477,'EMPL0102','CGW-20','SP-TELEFONIA',2203,'2018-01-11 17:24:10',NULL,'Error Protocolo R2. Recurso: R2-20-00.',' '),(326478,'EMPL0102','CGW-20','SP-TELEFONIA',2204,'2018-01-11 17:24:19',NULL,'Fallo llamada de test R2 SCV. Recurso: R2-20-00',' '),(326479,'EMPL0102','CGW-20','SP-TELEFONIA',2203,'2018-01-11 17:24:55',NULL,'Error Protocolo R2. Recurso: R2-20-00.',' '),(326480,'EMPL0102','CGW-20','SP-TELEFONIA',2204,'2018-01-11 17:25:00',NULL,'Fallo llamada de test R2 SCV. Recurso: R2-20-00',' '),(326481,'EMPL0102','CGW-20','SP-TELEFONIA',2203,'2018-01-11 17:25:27',NULL,'Error Protocolo R2. Recurso: R2-20-00.',' '),(326482,'EMPL0102','CGW-20','SP-TELEFONIA',2204,'2018-01-11 17:25:31',NULL,'Fallo llamada de test R2 SCV. Recurso: R2-20-00',' '),(326483,'EMPL0102','CGW-20','SP-TELEFONIA',2203,'2018-01-11 17:27:24',NULL,'Error Protocolo R2. Recurso: R2-20-00.',' '),(326484,'EMPL0102','CGW-20','SP-TELEFONIA',2203,'2018-01-11 17:27:35',NULL,'Error Protocolo R2. Recurso: R2-20-00.',' '),(326485,'EMPL0102','CGW-20','SP-TELEFONIA',2204,'2018-01-11 17:27:39',NULL,'Fallo llamada de test R2 SCV. Recurso: R2-20-00',' '),(326486,'EMPL0102','CGW-20','SP-TELEFONIA',2203,'2018-01-11 17:27:56',NULL,'Error Protocolo R2. Recurso: R2-20-00.',' '),(326487,'EMPL0102','CGW-20','SP-TELEFONIA',2204,'2018-01-11 17:28:05',NULL,'Fallo llamada de test R2 SCV. Recurso: R2-20-00',' '),(326488,'EMPL0102','CGW-20','SP-TELEFONIA',2204,'2018-01-11 17:28:56',NULL,'Fallo llamada de test R2 SCV. Recurso: R2-20-00',' '),(326489,'EMPL0102','CGW-20','SP-TELEFONIA',2204,'2018-01-11 17:30:04',NULL,'Fallo llamada de test R2 SCV. Recurso: R2-20-00',' '),(326490,'EMPL0102','CGW-20','SP-TELEFONIA',2203,'2018-01-11 17:30:48',NULL,'Error Protocolo R2. Recurso: R2-20-00.',' '),(326491,'EMPL0102','CGW-20','SP-TELEFONIA',2204,'2018-01-11 17:30:57',NULL,'Fallo llamada de test R2 SCV. Recurso: R2-20-00',' '),(326492,'EMPL0101','CGW-10','SP-TELEFONIA',2204,'2018-01-11 17:32:55',NULL,'Fallo llamada de test R2 SCV. Recurso: R2-10-12',' '),(326493,'EMPL0101','CGW-10','SP-TELEFONIA',2204,'2018-01-11 17:32:57',NULL,'Fallo llamada de test R2 SCV. Recurso: R2-10-10',' '),(326494,'EMPL0101','CGW-10','SP-TELEFONIA',2204,'2018-01-11 17:33:01',NULL,'Fallo llamada de test R2 SCV. Recurso: R2-10-12',' '),(326495,'SERVIDOR UG5K','RCS2010 U5KGR','SEGURIDAD',49,'2018-01-11 17:41:31',NULL,'Fin sesion RCS2010 UG5KR  del usuario: 1@SERVIDOR UG5K','1@SERVIDOR UG5K'),(326496,'EMPL0101','CGW-10','SP-TELEFONIA',2204,'2018-01-11 18:07:41',NULL,'Fallo llamada de test R2 SCV. Recurso: R2-10-10',' '),(326497,'EMPL0101','CGW-10','SP-TELEFONIA',2204,'2018-01-11 18:07:44',NULL,'Fallo llamada de test R2 SCV. Recurso: R2-10-10',' '),(326498,NULL,'CFG','SEGURIDAD',55,'2018-01-11 18:10:00',NULL,'Fin sesion  Configuración Centralizada  del usuario  La Session ha expirado.....','1'),(326499,'EMPL0102','CGW-20','SP-TELEFONIA',2204,'2018-01-11 18:14:51',NULL,'Fallo llamada de test R2 SCV. Recurso: R2-20-00',' '),(326500,'EMPL0102','CGW-20','SP-TELEFONIA',2204,'2018-01-11 18:14:55',NULL,'Fallo llamada de test R2 SCV. Recurso: R2-20-00',' '),(326501,NULL,'CFG','SEGURIDAD',50,'2018-01-12 08:08:24',NULL,'Inicio sesión Configuración Centralizada  del usuario .','1'),(326502,NULL,'CFG','CONF-R',105,'2018-01-12 08:16:11',NULL,'Carga de Configuración Remota CFG3.','1 (a)'),(326503,'SERVIDOR UG5K','RCS2010 U5KGR','SP-GEN',201,'2018-01-12 08:16:19',NULL,'Arranque APP RCS2010 UG5KR en puesto: @SERVIDOR UG5K',' '),(326504,'EMPL0101','CGW-10','SP-PASARELA',2000,'2018-01-12 08:16:22',NULL,'Cambio estado pasarela:  Fallo',' '),(326505,'EMPL0101','CGW-10','SP-RADIO',2101,'2018-01-12 08:16:18',NULL,'Cambio sesión SIP. Recurso: RD-10-01 Sesión:  OFF sip.RD-20-10@10.20.184.13.5060 - ',' '),(326506,'EMPL0101','CGW-30','SP-PASARELA',2000,'2018-01-12 08:16:22',NULL,'Cambio estado pasarela:  Fallo',' '),(326507,'EMPL0102','CGW-20','SP-PASARELA',2000,'2018-01-12 08:16:22',NULL,'Cambio estado pasarela:  Aviso',' '),(326508,'EMPL0104','CGW-40','SP-PASARELA',2000,'2018-01-12 08:16:23',NULL,'Cambio estado pasarela:  Aviso',' '),(326509,NULL,'CFG','CONF-R',105,'2018-01-12 08:16:25',NULL,'Carga de Configuración Remota CFG4.','1 (a)'),(326510,'EMPL0101','CGW-10','SP-RADIO',2101,'2018-01-12 08:16:20',NULL,'Cambio sesión SIP. Recurso: RD-10-01 Sesión:  OFF sip.RD-20-11@10.20.184.13.5060 - ',' '),(326511,'EMPL0102','CGW-20','SP-RADIO',2101,'2018-01-12 08:16:18',NULL,'Cambio sesión SIP. Recurso: RD-20-10 Sesión:  OFF sip.RD-10-01@10.10.184.13 - ',' '),(326512,'EMPL0102','CGW-20','SP-RADIO',2101,'2018-01-12 08:16:20',NULL,'Cambio sesión SIP. Recurso: RD-20-11 Sesión:  OFF sip.RD-10-01@10.10.184.13 - ',' '),(326513,'EMPL0102','CGW-20','SP-PASARELA',2009,'2018-01-12 08:16:23',NULL,'Conexión Recurso Telefonía: (BL) BL-20-03',' '),(326514,'EMPL0102','CGW-20','SP-PASARELA',2009,'2018-01-12 08:16:23',NULL,'Conexión Recurso Telefonía: (BC) BC-20-13',' '),(326515,'EMPL0102','CGW-20','SP-PASARELA',2009,'2018-01-12 08:16:24',NULL,'Conexión Recurso Telefonía: (AB) AB-20-23',' '),(326516,'EMPL0101','CGW-10','SP-PASARELA',2000,'2018-01-12 08:16:25',NULL,'Cambio estado pasarela:  Aviso',' '),(326517,'EMPL0102','CGW-20','SP-PASARELA',2007,'2018-01-12 08:16:25',NULL,'Conexión Recurso Radio: RD-20-01',' '),(326518,'EMPL0102','CGW-20','SP-PASARELA',2007,'2018-01-12 08:16:26',NULL,'Conexión Recurso Radio: RD-20-20',' '),(326519,'EMPL0102','CGW-20','SP-PASARELA',2007,'2018-01-12 08:16:27',NULL,'Conexión Recurso Radio: RD-20-30',' '),(326520,'EMPL0102','CGW-20','SP-PASARELA',2015,'2018-01-12 08:16:28',NULL,'Conexión Recurso N5: N5-20-22',' '),(326521,'EMPL0102','CGW-20','SP-PASARELA',2013,'2018-01-12 08:16:28',NULL,'Conexión Recurso R2: R2-20-12',' '),(326522,'EMPL0102','CGW-20','SP-TELEFONIA',2204,'2018-01-12 08:16:29',NULL,'Fallo llamada de test R2 SCV. Recurso: R2-20-12',' '),(326523,'EMPL0101','CGW-10','SP-PASARELA',2009,'2018-01-12 08:16:30',NULL,'Conexión Recurso Telefonía: (BL) 123',' '),(326524,'EMPL0102','CGW-20','SP-TELEFONIA',2207,'2018-01-12 08:16:30',NULL,'Fallo llamada de test N5 SCV. Recurso: N5-20-22',' '),(326525,'EMPL0102','CGW-20B','SP-PASARELA',2000,'2018-01-12 08:16:31',NULL,'Cambio estado pasarela: Perdida enlace.',' '),(326526,'EMPL0104','CGW-40','SP-PASARELA',2007,'2018-01-12 08:16:31',NULL,'Conexión Recurso Radio: RD-40-11',' '),(326527,'SERVIDOR UG5K','RCS2010 U5KGR','SP-GEN',201,'2018-01-12 08:16:39',NULL,'Arranque APP RCS2010 UG5KR en puesto: @SERVIDOR UG5K',' '),(326528,'EMPL0101','CGW-10','SP-PASARELA',2000,'2018-01-12 08:16:42',NULL,'Cambio estado pasarela:  Fallo',' '),(326529,'EMPL0101','CGW-10','SP-PASARELA',2009,'2018-01-12 08:16:38',NULL,'Conexión Recurso Telefonía: (BC) BC-10-13',' '),(326530,'EMPL0101','CGW-30','SP-PASARELA',2000,'2018-01-12 08:16:42',NULL,'Cambio estado pasarela:  Fallo',' '),(326531,'EMPL0102','CGW-20','SP-PASARELA',2000,'2018-01-12 08:16:42',NULL,'Cambio estado pasarela:  Aviso',' '),(326532,'EMPL0104','CGW-40','SP-PASARELA',2000,'2018-01-12 08:16:43',NULL,'Cambio estado pasarela:  Aviso',' '),(326533,'EMPL0102','CGW-20','SP-RADIO',2101,'2018-01-12 08:16:39',NULL,'Cambio sesión SIP. Recurso: RD-20-10 Sesión:  OFF sip.RD-10-01@10.10.184.13 - ',' '),(326534,'EMPL0102','CGW-20','SP-RADIO',2101,'2018-01-12 08:16:40',NULL,'Cambio sesión SIP. Recurso: RD-20-11 Sesión:  ON sip.RD-10-01@10.10.184.13 Activa ',' '),(326535,'EMPL0102','CGW-20','SP-RADIO',2101,'2018-01-12 08:16:41',NULL,'Cambio sesión SIP. Recurso: RD-20-10 Sesión:  ON sip.RD-10-01@10.10.184.13 Activa ',' '),(326536,'EMPL0101','CGW-10','SP-PASARELA',2007,'2018-01-12 08:16:39',NULL,'Conexión Recurso Radio: RD-10-01',' '),(326537,'EMPL0101','CGW-10','SP-PASARELA',2007,'2018-01-12 08:16:39',NULL,'Conexión Recurso Radio: RD-10-10',' '),(326538,'EMPL0101','CGW-10','SP-RADIO',2101,'2018-01-12 08:16:40',NULL,'Cambio sesión SIP. Recurso: RD-10-01 Sesión:  ON sip.RD-20-11@10.20.184.13.5060 Activa ',' '),(326539,'EMPL0101','CGW-10','SP-PASARELA',2009,'2018-01-12 08:16:40',NULL,'Conexión Recurso Telefonía: (AB) AB-10-23',' '),(326540,'EMPL0101','CGW-10','SP-RADIO',2101,'2018-01-12 08:16:41',NULL,'Cambio sesión SIP. Recurso: RD-10-01 Sesión:  ON sip.RD-20-10@10.20.184.13.5060 Activa ',' '),(326541,'EMPL0101','CGW-10','SP-PASARELA',2019,'2018-01-12 08:16:42',NULL,'Conexión Recurso LCEN: LC-10-02',' '),(326542,'EMPL0101','CGW-10','SP-PASARELA',2013,'2018-01-12 08:16:42',NULL,'Conexión Recurso R2: R2-10-12',' '),(326543,'EMPL0104','CGW-40','SP-PASARELA',2019,'2018-01-12 08:16:44',NULL,'Conexión Recurso LCEN: LC-40-12',' '),(326544,'EMPL0101','CGW-10','SP-TELEFONIA',2204,'2018-01-12 08:16:44',NULL,'Fallo llamada de test R2 SCV. Recurso: R2-10-12',' '),(326545,'EMPL0102','CGW-20','SP-PASARELA',2013,'2018-01-12 08:16:46',NULL,'Conexión Recurso R2: R2-20-00',' '),(326546,'EMPL0104','CGW-40','SP-PASARELA',2007,'2018-01-12 08:16:47',NULL,'Conexión Recurso Radio: RD-40-11',' '),(326547,'EMPL0101','CGW-10','SP-PASARELA',2013,'2018-01-12 08:16:49',NULL,'Conexión Recurso R2: R2-10-10',' '),(326548,'EMPL0101','CGW-10','SP-TELEFONIA',2204,'2018-01-12 08:16:50',NULL,'Fallo llamada de test R2 SCV. Recurso: R2-10-12',' '),(326549,'EMPL0101','CGW-10A','SP-PASARELA',2000,'2018-01-12 08:16:51',NULL,'Cambio estado pasarela: Perdida enlace.',' '),(326550,'EMPL0102','CGW-20B','SP-PASARELA',2000,'2018-01-12 08:16:51',NULL,'Cambio estado pasarela: Perdida enlace.',' '),(326551,'EMPL0102','CGW-20C','SP-PASARELA',2000,'2018-01-12 08:16:52',NULL,'Cambio estado pasarela: Perdida enlace.',' '),(326552,'EMPL0101','CGW-10','SP-TELEFONIA',2204,'2018-01-12 08:16:51',NULL,'Fallo llamada de test R2 SCV. Recurso: R2-10-10',' '),(326553,'EMPL0102','CGW-20','SP-TELEFONIA',2204,'2018-01-12 08:16:54',NULL,'Fallo llamada de test R2 SCV. Recurso: R2-20-00',' '),(326554,'EMPL0101','CGW-10','SP-TELEFONIA',2204,'2018-01-12 08:16:59',NULL,'Fallo llamada de test R2 SCV. Recurso: R2-10-10',' '),(326555,'EMPL0102','CGW-20','SP-TELEFONIA',2204,'2018-01-12 08:17:01',NULL,'Fallo llamada de test R2 SCV. Recurso: R2-20-00',' '),(326556,'EMPL0102','CGW-20','SP-RADIO',2101,'2018-01-12 08:19:56',NULL,'Cambio sesión SIP. Recurso: RD-20-10 Sesión:  OFF sip.RD-10-01@10.10.184.13 - ',' '),(326557,'EMPL0102','CGW-20','SP-RADIO',2101,'2018-01-12 08:19:57',NULL,'Cambio sesión SIP. Recurso: RD-20-11 Sesión:  OFF sip.RD-10-01@10.10.184.13 - ',' '),(326558,'EMPL0101','CGW-10','SP-PASARELA',2007,'2018-01-11 17:10:28',NULL,'Conexión Recurso Radio: RD-10-01',' '),(326559,'EMPL0101','CGW-10','SP-PASARELA',2008,'2018-01-11 17:10:58',NULL,'Desconexión Recurso Radio: RD-10-01',' '),(326560,'EMPL0101','CGW-10','SP-PASARELA',2007,'2018-01-11 17:11:58',NULL,'Conexión Recurso Radio: RD-10-01',' '),(326561,'EMPL0101','CGW-10','SP-PASARELA',2008,'2018-01-11 17:12:28',NULL,'Desconexión Recurso Radio: RD-10-01',' '),(326562,'EMPL0101','CGW-10','SP-PASARELA',2007,'2018-01-11 17:14:50',NULL,'Conexión Recurso Radio: RD-10-01',' '),(326563,'EMPL0101','CGW-10','SP-PASARELA',2008,'2018-01-11 17:15:20',NULL,'Desconexión Recurso Radio: RD-10-01',' '),(326564,'EMPL0101','CGW-10','SP-PASARELA',2005,'2018-01-12 08:19:56',NULL,'Cambio Estado CPUs. CGW: 10.10.184.11 : CPU Local Principal  : CPU Dual Reserva',' '),(326565,'EMPL0101','CGW-10','SP-PASARELA',2005,'2018-01-12 08:19:56',NULL,'Cambio Estado CPUs. CGW: 10.10.184.11 : CPU Local Principal  : CPU Dual Caida',' '),(326566,'EMPL0101','CGW-10','SP-PASARELA',2011,'2018-01-12 08:19:57',NULL,'Conexión Tarjeta Interfaz. Número: 0: Tipo: IA4',' '),(326567,'EMPL0101','CGW-10','SP-PASARELA',2011,'2018-01-12 08:19:57',NULL,'Conexión Tarjeta Interfaz. Número: 1: Tipo: IA4',' '),(326568,'EMPL0101','CGW-10','SP-PASARELA',2011,'2018-01-12 08:19:57',NULL,'Conexión Tarjeta Interfaz. Número: 2: Tipo: IA4',' '),(326569,'EMPL0101','CGW-10','SP-PASARELA',2013,'2018-01-12 08:20:02',NULL,'Conexión Recurso R2: R2-10-10',' '),(326570,'EMPL0101','CGW-10','SP-TELEFONIA',2204,'2018-01-12 08:20:02',NULL,'Fallo llamada de test R2 SCV. Recurso: R2-10-12',' '),(326571,'EMPL0101','CGW-10','SP-PASARELA',2013,'2018-01-12 08:20:02',NULL,'Conexión Recurso R2: R2-10-12',' '),(326572,'EMPL0101','CGW-10','SP-PASARELA',2019,'2018-01-12 08:20:03',NULL,'Conexión Recurso LCEN: LC-10-02',' '),(326573,'EMPL0101','CGW-10','SP-PASARELA',2009,'2018-01-12 08:20:03',NULL,'Conexión Recurso Telefonía: (AB) AB-10-23',' '),(326574,'EMPL0102','CGW-20','SP-RADIO',2101,'2018-01-12 08:20:05',NULL,'Cambio sesión SIP. Recurso: RD-20-11 Sesión:  ON sip.RD-10-01@10.10.184.13 Activa ',' '),(326575,'EMPL0101','CGW-10','SP-PASARELA',2009,'2018-01-12 08:20:03',NULL,'Conexión Recurso Telefonía: (BC) BC-10-13',' '),(326576,'EMPL0101','CGW-10','SP-PASARELA',2009,'2018-01-12 08:20:03',NULL,'Conexión Recurso Telefonía: (BL) BL-10-03',' '),(326577,'EMPL0102','CGW-20','SP-RADIO',2101,'2018-01-12 08:20:06',NULL,'Cambio sesión SIP. Recurso: RD-20-10 Sesión:  ON sip.RD-10-01@10.10.184.13 Activa ',' '),(326578,'EMPL0101','CGW-10','SP-PASARELA',2007,'2018-01-12 08:20:04',NULL,'Conexión Recurso Radio: RD-10-01',' '),(326579,'EMPL0101','CGW-10','SP-TELEFONIA',2204,'2018-01-12 08:20:04',NULL,'Fallo llamada de test R2 SCV. Recurso: R2-10-10',' '),(326580,'EMPL0101','CGW-10','SP-PASARELA',2007,'2018-01-12 08:20:05',NULL,'Conexión Recurso Radio: RD-10-10',' '),(326581,'EMPL0101','CGW-10','SP-RADIO',2101,'2018-01-12 08:20:06',NULL,'Cambio sesión SIP. Recurso: RD-10-01 Sesión:  ON sip.RD-20-11@10.20.184.13.5060 Activa ',' '),(326582,'EMPL0101','CGW-10','SP-RADIO',2101,'2018-01-12 08:20:07',NULL,'Cambio sesión SIP. Recurso: RD-10-01 Sesión:  ON sip.RD-20-10@10.20.184.13.5060 Activa ',' '),(326583,'EMPL0101','CGW-10','SP-TELEFONIA',2204,'2018-01-12 08:20:08',NULL,'Fallo llamada de test R2 SCV. Recurso: R2-10-12',' '),(326584,'EMPL0101','CGW-10','SP-TELEFONIA',2204,'2018-01-12 08:20:12',NULL,'Fallo llamada de test R2 SCV. Recurso: R2-10-10',' '),(326585,'EMPL0102','CGW-20','SP-PASARELA',2005,'2018-01-12 08:20:26',NULL,'Cambio Estado CPUs. CGW: 10.20.184.12 : CPU Local Principal  : CPU Dual Caida',' '),(326586,'EMPL0102','CGW-20','SP-PASARELA',2005,'2018-01-12 08:20:56',NULL,'Cambio Estado CPUs. CGW: 10.20.184.12 : CPU Local Principal  : CPU Dual Reserva',' '),(326587,'EMPL0101','CGW-10','SP-PASARELA',2012,'2018-01-12 08:20:55',NULL,'Desconexión Tarjeta Interfaz. Número: 0: Tipo: IA4',' '),(326588,'EMPL0101','CGW-10','SP-PASARELA',2012,'2018-01-12 08:20:55',NULL,'Desconexión Tarjeta Interfaz. Número: 1: Tipo: IA4',' '),(326589,'EMPL0102','CGW-20','SP-RADIO',2101,'2018-01-12 08:20:56',NULL,'Cambio sesión SIP. Recurso: RD-20-11 Sesión:  OFF sip.RD-10-01@10.10.184.13 - ',' '),(326590,'EMPL0102','CGW-20','SP-RADIO',2101,'2018-01-12 08:20:57',NULL,'Cambio sesión SIP. Recurso: RD-20-10 Sesión:  OFF sip.RD-10-01@10.10.184.13 - ',' '),(326591,'EMPL0101','CGW-10','SP-PASARELA',2000,'2018-01-12 08:21:04',NULL,'Cambio estado pasarela:  Aviso',' '),(326592,'EMPL0101','CGW-10','SP-PASARELA',2000,'2018-01-12 08:21:06',NULL,'Cambio estado pasarela:  Fallo',' '),(326593,'EMPL0101','CGW-10','SP-PASARELA',2011,'2018-01-12 08:21:07',NULL,'Conexión Tarjeta Interfaz. Número: 0: Tipo: IA4',' '),(326594,'EMPL0101','CGW-10','SP-PASARELA',2011,'2018-01-12 08:21:07',NULL,'Conexión Tarjeta Interfaz. Número: 1: Tipo: IA4',' '),(326595,'EMPL0101','CGW-10','SP-PASARELA',2011,'2018-01-12 08:21:07',NULL,'Conexión Tarjeta Interfaz. Número: 2: Tipo: IA4',' '),(326596,'EMPL0101','CGW-10','SP-PASARELA',2007,'2018-01-12 08:21:13',NULL,'Conexión Recurso Radio: RD-10-01',' '),(326597,'EMPL0101','CGW-10','SP-TELEFONIA',2204,'2018-01-12 08:21:13',NULL,'Fallo llamada de test R2 SCV. Recurso: R2-10-12',' '),(326598,'EMPL0101','CGW-10','SP-PASARELA',2013,'2018-01-12 08:21:13',NULL,'Conexión Recurso R2: R2-10-12',' '),(326599,'EMPL0101','CGW-10','SP-PASARELA',2013,'2018-01-12 08:21:13',NULL,'Conexión Recurso R2: R2-10-10',' '),(326600,'EMPL0101','CGW-10','SP-PASARELA',2009,'2018-01-12 08:21:14',NULL,'Conexión Recurso Telefonía: (BL) BL-10-03',' '),(326601,'EMPL0101','CGW-10','SP-PASARELA',2009,'2018-01-12 08:21:14',NULL,'Conexión Recurso Telefonía: (BC) BC-10-13',' '),(326602,'EMPL0101','CGW-10','SP-PASARELA',2009,'2018-01-12 08:21:14',NULL,'Conexión Recurso Telefonía: (AB) AB-10-23',' '),(326603,'EMPL0101','CGW-10','SP-PASARELA',2019,'2018-01-12 08:21:14',NULL,'Conexión Recurso LCEN: LC-10-02',' '),(326604,'EMPL0101','CGW-10','SP-PASARELA',2007,'2018-01-12 08:21:14',NULL,'Conexión Recurso Radio: RD-10-10',' '),(326605,'EMPL0101','CGW-10','SP-TELEFONIA',2204,'2018-01-12 08:21:15',NULL,'Fallo llamada de test R2 SCV. Recurso: R2-10-10',' '),(326606,'EMPL0101','CGW-10','SP-RADIO',2101,'2018-01-12 08:21:17',NULL,'Cambio sesión SIP. Recurso: RD-10-01 Sesión:  ON sip.RD-20-11@10.20.184.13.5060 Activa ',' '),(326607,'EMPL0102','CGW-20','SP-RADIO',2101,'2018-01-12 08:21:18',NULL,'Cambio sesión SIP. Recurso: RD-20-11 Sesión:  ON sip.RD-10-01@10.10.184.13 Activa ',' '),(326608,'EMPL0101','CGW-10','SP-RADIO',2101,'2018-01-12 08:21:19',NULL,'Cambio sesión SIP. Recurso: RD-10-01 Sesión:  ON sip.RD-20-10@10.20.184.13.5060 Activa ',' '),(326609,'EMPL0101','CGW-10','SP-TELEFONIA',2204,'2018-01-12 08:21:19',NULL,'Fallo llamada de test R2 SCV. Recurso: R2-10-12',' '),(326610,'EMPL0102','CGW-20','SP-RADIO',2101,'2018-01-12 08:21:19',NULL,'Cambio sesión SIP. Recurso: RD-20-10 Sesión:  ON sip.RD-10-01@10.10.184.13 Activa ',' '),(326611,'EMPL0101','CGW-10','SP-TELEFONIA',2204,'2018-01-12 08:21:23',NULL,'Fallo llamada de test R2 SCV. Recurso: R2-10-10',' '),(326612,'EMPL0102','CGW-20','SP-PASARELA',2005,'2018-01-12 08:21:37',NULL,'Cambio Estado CPUs. CGW: 10.20.184.12 : CPU Local Principal  : CPU Dual Caida',' '),(326613,'EMPL0102','CGW-20','SP-PASARELA',2005,'2018-01-12 08:21:55',NULL,'Cambio Estado CPUs. CGW: 10.20.184.12 : CPU Local Principal  : CPU Dual Reserva',' '),(326614,'EMPL0101','CGW-10','SP-PASARELA',2005,'2018-01-12 08:22:06',NULL,'Cambio Estado CPUs. CGW: 10.10.184.11 : CPU Local Principal  : CPU Dual Reserva',' '),(326615,NULL,'CFG','CONF-R',116,'2018-01-12 08:48:57',NULL,'Modificación de Parámetros Lógicos de  Recurso R2-20-00.','1 (a)'),(326616,NULL,'CFG','CONF-R',105,'2018-01-12 08:49:03',NULL,'Carga de Configuración Remota CFG4.','1 (a)'),(326617,'SERVIDOR UG5K','RCS2010 U5KGR','SP-GEN',201,'2018-01-12 08:49:12',NULL,'Arranque APP RCS2010 UG5KR en puesto: @SERVIDOR UG5K',' '),(326618,'EMPL0101','CGW-10','SP-PASARELA',2000,'2018-01-12 08:49:15',NULL,'Cambio estado pasarela:  Fallo',' '),(326619,'EMPL0101','CGW-30','SP-PASARELA',2000,'2018-01-12 08:49:15',NULL,'Cambio estado pasarela:  Fallo',' '),(326620,'EMPL0102','CGW-20','SP-PASARELA',2000,'2018-01-12 08:49:16',NULL,'Cambio estado pasarela:  Aviso',' '),(326621,'EMPL0104','CGW-40','SP-PASARELA',2000,'2018-01-12 08:49:16',NULL,'Cambio estado pasarela:  Aviso',' '),(326622,'EMPL0101','CGW-10A','SP-PASARELA',2000,'2018-01-12 08:49:24',NULL,'Cambio estado pasarela: Perdida enlace.',' '),(326623,'EMPL0102','CGW-20B','SP-PASARELA',2000,'2018-01-12 08:49:25',NULL,'Cambio estado pasarela: Perdida enlace.',' '),(326624,'EMPL0102','CGW-20C','SP-PASARELA',2000,'2018-01-12 08:49:25',NULL,'Cambio estado pasarela: Perdida enlace.',' '),(326625,'EMPL0102','CGW-20','SP-TELEFONIA',2204,'2018-01-12 08:50:36',NULL,'Fallo llamada de test R2 SCV. Recurso: R2-20-00',' '),(326626,'EMPL0102','CGW-20','SP-TELEFONIA',2203,'2018-01-12 08:50:41',NULL,'Error Protocolo R2. Recurso: R2-20-00.',' '),(326627,'EMPL0102','CGW-20','SP-TELEFONIA',2204,'2018-01-12 08:50:49',NULL,'Fallo llamada de test R2 SCV. Recurso: R2-20-00',' '),(326628,'EMPL0101','CGW-10','SP-TELEFONIA',2204,'2018-01-12 08:51:38',NULL,'Fallo llamada de test R2 SCV. Recurso: R2-10-10',' '),(326629,'EMPL0101','CGW-10','SP-TELEFONIA',2204,'2018-01-12 08:59:21',NULL,'Fallo llamada de test R2 SCV. Recurso: R2-10-10',' '),(326630,'EMPL0101','CGW-10','SP-TELEFONIA',2204,'2018-01-12 09:02:15',NULL,'Fallo llamada de test R2 SCV. Recurso: R2-10-10',' '),(326631,NULL,'CFG','SEGURIDAD',55,'2018-01-12 09:08:27',NULL,'Fin sesion  Configuración Centralizada  del usuario  La Session ha expirado.....','1'),(326632,NULL,'CFG','SEGURIDAD',50,'2018-01-12 09:33:03',NULL,'Inicio sesión Configuración Centralizada  del usuario .','1'),(326633,NULL,'CFG','SEGURIDAD',55,'2018-01-12 09:34:25',NULL,'Fin sesion  Configuración Centralizada  del usuario  .','1'),(326634,'EMPL0104','CGW-40','SP-PASARELA',2027,'2018-01-12 09:34:50',NULL,'Cambio estado Sincro BD: Aislada-NoInfo',' '),(326635,'EMPL0101','CGW-30','SP-PASARELA',2027,'2018-01-12 09:34:50',NULL,'Cambio estado Sincro BD: Aislada-NoInfo',' '),(326636,'EMPL0102','CGW-20','SP-PASARELA',2027,'2018-01-12 09:34:50',NULL,'Cambio estado Sincro BD: Aislada-NoInfo',' '),(326637,'EMPL0101','CGW-10','SP-PASARELA',2027,'2018-01-12 09:34:50',NULL,'Cambio estado Sincro BD: Aislada-NoInfo',' '),(326638,'EMPL0104','CGW-40','SP-PASARELA',2027,'2018-01-12 09:34:52',NULL,'Cambio estado Sincro BD: OK',' '),(326639,'EMPL0102','CGW-20','SP-PASARELA',2027,'2018-01-12 09:34:53',NULL,'Cambio estado Sincro BD: OK',' '),(326640,'EMPL0101','CGW-10','SP-PASARELA',2027,'2018-01-12 09:34:53',NULL,'Cambio estado Sincro BD: OK',' '),(326641,'EMPL0101','CGW-30','SP-PASARELA',2027,'2018-01-12 09:34:57',NULL,'Cambio estado Sincro BD: OK',' '),(326642,NULL,'CFG','SEGURIDAD',50,'2018-01-12 09:35:02',NULL,'Inicio sesión Configuración Centralizada  del usuario .','1'),(326643,'EMPL0101','CGW-10','SP-TELEFONIA',2204,'2018-01-12 10:02:55',NULL,'Fallo llamada de test R2 SCV. Recurso: R2-10-10',' '),(326644,'EMPL0101','CGW-10','SP-TELEFONIA',2204,'2018-01-12 10:02:59',NULL,'Fallo llamada de test R2 SCV. Recurso: R2-10-10',' '),(326645,NULL,'CFG','SEGURIDAD',55,'2018-01-12 10:35:03',NULL,'Fin sesion  Configuración Centralizada  del usuario  La Session ha expirado.....','1'),(326646,'EMPL0101','CGW-10','SP-TELEFONIA',2204,'2018-01-12 11:26:40',NULL,'Fallo llamada de test R2 SCV. Recurso: R2-10-12',' '),(326647,'EMPL0101','CGW-10','SP-TELEFONIA',2204,'2018-01-12 11:26:43',NULL,'Fallo llamada de test R2 SCV. Recurso: R2-10-10',' '),(326648,'EMPL0101','CGW-10','SP-TELEFONIA',2204,'2018-01-12 11:26:46',NULL,'Fallo llamada de test R2 SCV. Recurso: R2-10-12',' '),(326649,'EMPL0101','CGW-10','SP-TELEFONIA',2204,'2018-01-12 11:26:50',NULL,'Fallo llamada de test R2 SCV. Recurso: R2-10-10',' '),(326650,'EMPL0101','CGW-10','SP-TELEFONIA',2204,'2018-01-12 11:27:09',NULL,'Fallo llamada de test R2 SCV. Recurso: R2-10-12',' '),(326651,'EMPL0101','CGW-10','SP-TELEFONIA',2204,'2018-01-12 11:27:11',NULL,'Fallo llamada de test R2 SCV. Recurso: R2-10-10',' '),(326652,NULL,'CFG','SEGURIDAD',50,'2018-01-12 11:28:04',NULL,'Inicio sesión Configuración Centralizada  del usuario .','1'),(326653,NULL,'CFG','CONF-R',105,'2018-01-12 11:30:01',NULL,'Carga de Configuración Remota CFG3.','1 (a)'),(326654,'SERVIDOR UG5K','RCS2010 U5KGR','SP-GEN',201,'2018-01-12 11:30:10',NULL,'Arranque APP RCS2010 UG5KR en puesto: @SERVIDOR UG5K',' '),(326655,NULL,'CFG','CONF-R',105,'2018-01-12 11:30:12',NULL,'Carga de Configuración Remota CFG4.','1 (a)'),(326656,'EMPL0101','CGW-10','SP-PASARELA',2000,'2018-01-12 11:30:13',NULL,'Cambio estado pasarela:  Fallo',' '),(326657,'EMPL0101','CGW-30','SP-PASARELA',2000,'2018-01-12 11:30:13',NULL,'Cambio estado pasarela:  Fallo',' '),(326658,'EMPL0102','CGW-20','SP-PASARELA',2000,'2018-01-12 11:30:13',NULL,'Cambio estado pasarela:  Aviso',' '),(326659,'EMPL0102','CGW-20','SP-RADIO',2101,'2018-01-12 11:30:10',NULL,'Cambio sesión SIP. Recurso: RD-20-10 Sesión:  OFF sip.RD-10-01@10.10.184.13 - ',' '),(326660,'EMPL0101','CGW-10','SP-RADIO',2101,'2018-01-12 11:30:11',NULL,'Cambio sesión SIP. Recurso: RD-10-01 Sesión:  OFF sip.RD-20-10@10.20.184.13.5060 - ',' '),(326661,'EMPL0102','CGW-20','SP-RADIO',2101,'2018-01-12 11:30:11',NULL,'Cambio sesión SIP. Recurso: RD-20-11 Sesión:  OFF sip.RD-10-01@10.10.184.13 - ',' '),(326662,'EMPL0101','CGW-10','SP-RADIO',2101,'2018-01-12 11:30:12',NULL,'Cambio sesión SIP. Recurso: RD-10-01 Sesión:  OFF sip.RD-20-11@10.20.184.13.5060 - ',' '),(326663,'EMPL0104','CGW-40','SP-PASARELA',2000,'2018-01-12 11:30:13',NULL,'Cambio estado pasarela:  Aviso',' '),(326664,'SERVIDOR UG5K','RCS2010 U5KGR','SP-GEN',201,'2018-01-12 11:30:17',NULL,'Arranque APP RCS2010 UG5KR en puesto: @SERVIDOR UG5K',' '),(326665,'EMPL0101','CGW-10','SP-PASARELA',2000,'2018-01-12 11:30:20',NULL,'Cambio estado pasarela:  Aviso',' '),(326666,'EMPL0101','CGW-30','SP-PASARELA',2000,'2018-01-12 11:30:21',NULL,'Cambio estado pasarela:  Aviso',' '),(326667,'EMPL0101','CGW-30','SP-PASARELA',2000,'2018-01-12 11:30:21',NULL,'Cambio estado pasarela:  Fallo',' '),(326668,'EMPL0102','CGW-20','SP-PASARELA',2000,'2018-01-12 11:30:21',NULL,'Cambio estado pasarela:  Aviso',' '),(326669,'EMPL0102','CGW-20','SP-PASARELA',2007,'2018-01-12 11:30:18',NULL,'Conexión Recurso Radio: RD-20-20',' '),(326670,'EMPL0102','CGW-20','SP-PASARELA',2009,'2018-01-12 11:30:18',NULL,'Conexión Recurso Telefonía: (AB) AB-20-23',' '),(326671,'EMPL0102','CGW-20','SP-PASARELA',2013,'2018-01-12 11:30:19',NULL,'Conexión Recurso R2: R2-20-12',' '),(326672,'EMPL0102','CGW-20','SP-TELEFONIA',2204,'2018-01-12 11:30:20',NULL,'Fallo llamada de test R2 SCV. Recurso: R2-20-12',' '),(326673,'EMPL0102','CGW-20','SP-PASARELA',2007,'2018-01-12 11:30:20',NULL,'Conexión Recurso Radio: RD-20-30',' '),(326674,'EMPL0104','CGW-40','SP-PASARELA',2000,'2018-01-12 11:30:21',NULL,'Cambio estado pasarela:  Aviso',' '),(326675,'EMPL0101','CGW-10','SP-PASARELA',2000,'2018-01-12 11:30:24',NULL,'Cambio estado pasarela:  Fallo',' '),(326676,'EMPL0101','CGW-10','SP-PASARELA',2009,'2018-01-12 11:30:25',NULL,'Conexión Recurso Telefonía: (BL) BL-10-03',' '),(326677,'EMPL0101','CGW-10','SP-PASARELA',2007,'2018-01-12 11:30:27',NULL,'Conexión Recurso Radio: RD-10-01',' '),(326678,'EMPL0101','CGW-10','SP-PASARELA',2007,'2018-01-12 11:30:28',NULL,'Conexión Recurso Radio: RD-10-10',' '),(326679,'EMPL0102','CGW-20','SP-RADIO',2101,'2018-01-12 11:30:28',NULL,'Cambio sesión SIP. Recurso: RD-20-11 Sesión:  ON sip.RD-10-01@10.10.184.13 Activa ',' '),(326680,'EMPL0101','CGW-10','SP-RADIO',2101,'2018-01-12 11:30:28',NULL,'Cambio sesión SIP. Recurso: RD-10-01 Sesión:  ON sip.RD-20-11@10.20.184.13.5060 Activa ',' '),(326681,'EMPL0101','CGW-10A','SP-PASARELA',2000,'2018-01-12 11:30:29',NULL,'Cambio estado pasarela: Perdida enlace.',' '),(326682,'EMPL0102','CGW-20','SP-RADIO',2101,'2018-01-12 11:30:29',NULL,'Cambio sesión SIP. Recurso: RD-20-10 Sesión:  ON sip.RD-10-01@10.10.184.13 Activa ',' '),(326683,'EMPL0101','CGW-10','SP-RADIO',2101,'2018-01-12 11:30:29',NULL,'Cambio sesión SIP. Recurso: RD-10-01 Sesión:  ON sip.RD-20-10@10.20.184.13.5060 Activa ',' '),(326684,'EMPL0101','CGW-10','SP-PASARELA',2009,'2018-01-12 11:30:29',NULL,'Conexión Recurso Telefonía: (AB) AB-10-23',' '),(326685,'EMPL0102','CGW-20B','SP-PASARELA',2000,'2018-01-12 11:30:30',NULL,'Cambio estado pasarela: Perdida enlace.',' '),(326686,'EMPL0102','CGW-20C','SP-PASARELA',2000,'2018-01-12 11:30:30',NULL,'Cambio estado pasarela: Perdida enlace.',' '),(326687,'EMPL0101','CGW-10','SP-PASARELA',2013,'2018-01-12 11:30:30',NULL,'Conexión Recurso R2: R2-10-12',' '),(326688,'EMPL0101','CGW-10','SP-PASARELA',2019,'2018-01-12 11:30:30',NULL,'Conexión Recurso LCEN: LC-10-02',' '),(326689,'EMPL0104','CGW-40','SP-PASARELA',2019,'2018-01-12 11:30:30',NULL,'Conexión Recurso LCEN: LC-40-12',' '),(326690,'EMPL0101','CGW-10','SP-TELEFONIA',2204,'2018-01-12 11:30:30',NULL,'Fallo llamada de test R2 SCV. Recurso: R2-10-12',' '),(326691,'EMPL0104','CGW-40','SP-PASARELA',2007,'2018-01-12 11:30:32',NULL,'Conexión Recurso Radio: RD-40-11',' '),(326692,'EMPL0101','CGW-10','SP-PASARELA',2013,'2018-01-12 11:30:35',NULL,'Conexión Recurso R2: R2-10-10',' '),(326693,'EMPL0101','CGW-10','SP-PASARELA',2009,'2018-01-12 11:30:36',NULL,'Conexión Recurso Telefonía: (BC) BC-10-13',' '),(326694,'EMPL0101','CGW-10','SP-TELEFONIA',2204,'2018-01-12 11:30:36',NULL,'Fallo llamada de test R2 SCV. Recurso: R2-10-12',' '),(326695,'EMPL0102','CGW-20','SP-PASARELA',2013,'2018-01-12 11:30:37',NULL,'Conexión Recurso R2: R2-20-00',' '),(326696,'EMPL0101','CGW-10','SP-TELEFONIA',2204,'2018-01-12 11:30:38',NULL,'Fallo llamada de test R2 SCV. Recurso: R2-10-10',' '),(326697,'EMPL0102','CGW-20','SP-TELEFONIA',2204,'2018-01-12 11:30:45',NULL,'Fallo llamada de test R2 SCV. Recurso: R2-20-00',' '),(326698,'EMPL0101','CGW-10','SP-TELEFONIA',2204,'2018-01-12 11:30:45',NULL,'Fallo llamada de test R2 SCV. Recurso: R2-10-10',' '),(326699,'EMPL0102','CGW-20','SP-TELEFONIA',2204,'2018-01-12 11:30:53',NULL,'Fallo llamada de test R2 SCV. Recurso: R2-20-00',' '),(326700,NULL,'CFG','CONF-R',113,'2018-01-12 11:35:29',NULL,'Alta de Recurso rrr.','1 (a)'),(326701,NULL,'CFG','CONF-R',114,'2018-01-12 11:35:52',NULL,'Baja de Recurso .','1 (a)'),(326702,NULL,'CFG','SEGURIDAD',55,'2018-01-12 12:28:05',NULL,'Fin sesion  Configuración Centralizada  del usuario  La Session ha expirado.....','1'),(326703,NULL,'CFG','SEGURIDAD',50,'2018-01-12 12:31:27',NULL,'Inicio sesión Configuración Centralizada  del usuario .','1'),(326704,NULL,'CFG','SEGURIDAD',55,'2018-01-12 13:31:26',NULL,'Fin sesion  Configuración Centralizada  del usuario  La Session ha expirado.....','1'),(326705,'EMPL0101','CGW-10','SP-RADIO',2101,'2018-01-13 06:13:11',NULL,'Cambio sesión SIP. Recurso: RD-10-01 Sesión:  OFF sip.RD-20-11@10.20.184.13.5060 - ',' '),(326706,'EMPL0101','CGW-10','SP-RADIO',2101,'2018-01-13 06:13:12',NULL,'Cambio sesión SIP. Recurso: RD-10-01 Sesión:  OFF sip.RD-20-10@10.20.184.13.5060 - ',' '),(326707,'EMPL0102','CGW-20','SP-RADIO',2101,'2018-01-13 06:13:17',NULL,'Cambio sesión SIP. Recurso: RD-20-11 Sesión:  ON sip.RD-10-01@10.10.184.13 Activa ',' '),(326708,'EMPL0101','CGW-10','SP-RADIO',2101,'2018-01-13 06:13:16',NULL,'Cambio sesión SIP. Recurso: RD-10-01 Sesión:  ON sip.RD-20-11@10.20.184.13.5060 Activa ',' '),(326709,'EMPL0102','CGW-20','SP-RADIO',2101,'2018-01-13 06:13:18',NULL,'Cambio sesión SIP. Recurso: RD-20-10 Sesión:  ON sip.RD-10-01@10.10.184.13 Activa ',' '),(326710,'EMPL0101','CGW-10','SP-RADIO',2101,'2018-01-13 06:13:17',NULL,'Cambio sesión SIP. Recurso: RD-10-01 Sesión:  ON sip.RD-20-10@10.20.184.13.5060 Activa ',' '),(326711,NULL,'CFG','SEGURIDAD',50,'2018-01-15 08:19:17',NULL,'Inicio sesión Configuración Centralizada  del usuario .','1'),(326712,'SERVIDOR UG5K','RCS2010 U5KGR','SEGURIDAD',47,'2018-01-15 08:24:36',NULL,'Inicio sesión RCS2010 UG5KR  del usuario: 1@SERVIDOR UG5K','1@SERVIDOR UG5K'),(326713,'EMPL0101','CGW-10','MAN-L',186,'2018-01-15 08:24:59',NULL,'Selección Modo:  MANTENIMIENTO  en recurso  RD-10-01','1@SERVIDOR UG5K'),(326714,'EMPL0101','CGW-10','MAN-L',196,'2018-01-15 08:25:01',NULL,'Resultado  Modo:  MANTENIMIENTO  en recurso  RD-10-01','1@SERVIDOR UG5K'),(326715,'EMPL0102','CGW-20','SP-RADIO',2101,'2018-01-15 08:25:04',NULL,'Cambio sesión SIP. Recurso: RD-20-11 Sesión:  ON sip.RD-10-01@10.10.184.13 Idle ',' '),(326716,'EMPL0101','CGW-10','SP-RADIO',2101,'2018-01-15 08:25:04',NULL,'Cambio sesión SIP. Recurso: RD-10-01 Sesión:  ON sip.RD-20-11@10.20.184.13.5060 Idle ',' '),(326717,'EMPL0102','CGW-20','SP-RADIO',2101,'2018-01-15 08:25:05',NULL,'Cambio sesión SIP. Recurso: RD-20-10 Sesión:  ON sip.RD-10-01@10.10.184.13 Idle ',' '),(326718,'EMPL0101','CGW-10','SP-RADIO',2101,'2018-01-15 08:25:05',NULL,'Cambio sesión SIP. Recurso: RD-10-01 Sesión:  ON sip.RD-20-10@10.20.184.13.5060 Idle ',' '),(326719,'EMPL0101','CGW-10','MAN-L',183,'2018-01-15 08:25:15',NULL,'Selección Bucle:  RF Local F.D.  Emplazamiento 1  en  RD-10-01.','1@SERVIDOR UG5K'),(326720,'EMPL0102','CGW-20','SP-RADIO',2101,'2018-01-15 08:25:19',NULL,'Cambio sesión SIP. Recurso: RD-20-11 Sesión:  ON sip.RD-10-01@10.10.184.13 Activa ',' '),(326721,'EMPL0101','CGW-10','SP-RADIO',2101,'2018-01-15 08:25:19',NULL,'Cambio sesión SIP. Recurso: RD-10-01 Sesión:  ON sip.RD-20-11@10.20.184.13.5060 Activa ',' '),(326722,'EMPL0101','CGW-10','SP-RADIO',2101,'2018-01-15 08:25:20',NULL,'Cambio sesión SIP. Recurso: RD-10-01 Sesión:  ON sip.RD-20-10@10.20.184.13.5060 Activa ',' '),(326723,'EMPL0102','CGW-20','SP-RADIO',2101,'2018-01-15 08:25:21',NULL,'Cambio sesión SIP. Recurso: RD-20-10 Sesión:  ON sip.RD-10-01@10.10.184.13 Activa ',' '),(326724,'EMPL0101','CGW-10','MAN-L',193,'2018-01-15 08:25:26',NULL,'Resultado Bucle: RF Local Simple en  RD-10-01 : --------','1@SERVIDOR UG5K'),(326725,'EMPL0101','CGW-10','SP-RADIO',2101,'2018-01-15 08:25:35',NULL,'Cambio sesión SIP. Recurso: RD-10-01 Sesión:  ON sip.RD-20-11@10.20.184.13.5060 Idle ',' '),(326726,'EMPL0102','CGW-20','SP-RADIO',2101,'2018-01-15 08:25:35',NULL,'Cambio sesión SIP. Recurso: RD-20-11 Sesión:  ON sip.RD-10-01@10.10.184.13 Idle ',' '),(326727,'EMPL0101','CGW-10','SP-RADIO',2101,'2018-01-15 08:25:36',NULL,'Cambio sesión SIP. Recurso: RD-10-01 Sesión:  ON sip.RD-20-10@10.20.184.13.5060 Idle ',' '),(326728,'EMPL0102','CGW-20','SP-RADIO',2101,'2018-01-15 08:25:36',NULL,'Cambio sesión SIP. Recurso: RD-20-10 Sesión:  ON sip.RD-10-01@10.10.184.13 Idle ',' '),(326729,'EMPL0101','CGW-10','MAN-L',186,'2018-01-15 08:26:00',NULL,'Selección Modo:  NORMAL  en recurso  RD-10-01','1@SERVIDOR UG5K'),(326730,'EMPL0102','CGW-20','SP-RADIO',2101,'2018-01-15 08:26:00',NULL,'Cambio sesión SIP. Recurso: RD-20-11 Sesión:  ON sip.RD-10-01@10.10.184.13 Activa ',' '),(326731,'EMPL0102','CGW-20','SP-RADIO',2101,'2018-01-15 08:26:02',NULL,'Cambio sesión SIP. Recurso: RD-20-10 Sesión:  ON sip.RD-10-01@10.10.184.13 Activa ',' '),(326732,'EMPL0101','CGW-10','MAN-L',196,'2018-01-15 08:26:02',NULL,'Resultado  Modo:  NORMAL en recurso  RD-10-01','1@SERVIDOR UG5K'),(326733,'EMPL0101','CGW-10','SP-RADIO',2101,'2018-01-15 08:26:01',NULL,'Cambio sesión SIP. Recurso: RD-10-01 Sesión:  ON sip.RD-20-11@10.20.184.13.5060 Activa ',' '),(326734,'EMPL0101','CGW-10','SP-RADIO',2101,'2018-01-15 08:26:02',NULL,'Cambio sesión SIP. Recurso: RD-10-01 Sesión:  ON sip.RD-20-10@10.20.184.13.5060 Activa ',' '),(326735,NULL,'CFG','CONF-R',116,'2018-01-15 08:29:26',NULL,'Modificación de Parámetros Lógicos de  Recurso RD-10-01.','1 (a)'),(326736,NULL,'CFG','CONF-R',105,'2018-01-15 08:30:01',NULL,'Carga de Configuración Remota CFG4.','1 (a)'),(326737,'EMPL0101','CGW-10','SP-RADIO',2101,'2018-01-15 08:30:10',NULL,'Cambio sesión SIP. Recurso: RD-10-01 Sesión:  OFF sip.RD-20-11@10.20.184.13.5060 - ',' '),(326738,'EMPL0102','CGW-20','SP-RADIO',2101,'2018-01-15 08:30:10',NULL,'Cambio sesión SIP. Recurso: RD-20-11 Sesión:  OFF sip.RD-10-01@10.10.184.13 - ',' '),(326739,'EMPL0101','CGW-10','SP-RADIO',2101,'2018-01-15 08:30:11',NULL,'Cambio sesión SIP. Recurso: RD-10-01 Sesión:  OFF sip.RD-20-10@10.20.184.13.5060 - ',' '),(326740,'EMPL0102','CGW-20','SP-RADIO',2101,'2018-01-15 08:30:11',NULL,'Cambio sesión SIP. Recurso: RD-20-10 Sesión:  OFF sip.RD-10-01@10.10.184.13 - ',' '),(326741,'EMPL0101','CGW-10','SP-RADIO',2101,'2018-01-15 08:30:15',NULL,'Cambio sesión SIP. Recurso: RD-10-01 Sesión:  ON sip.TX_VHF_N1@10.20.184.106 Activa ',' '),(326742,'EMPL0102','CGW-20','SP-RADIO',2101,'2018-01-15 08:30:16',NULL,'Cambio sesión SIP. Recurso: RD-20-11 Sesión:  ON sip.RD-10-01@10.10.184.13 Activa ',' '),(326743,'EMPL0102','CGW-20','SP-RADIO',2101,'2018-01-15 08:30:17',NULL,'Cambio sesión SIP. Recurso: RD-20-10 Sesión:  ON sip.RD-10-01@10.10.184.13 Activa ',' '),(326744,'EMPL0101','CGW-10','SP-RADIO',2101,'2018-01-15 08:30:17',NULL,'Cambio sesión SIP. Recurso: RD-10-01 Sesión:  ON sip.RX_VHF_N1@10.20.184.102 Activa ',' '),(326745,'EMPL0101','CGW-10','SP-RADIO',2101,'2018-01-15 08:30:18',NULL,'Cambio sesión SIP. Recurso: RD-10-01 Sesión:  ON sip.RD-20-11@10.20.184.13.5060 Activa ',' '),(326746,'EMPL0101','CGW-10','SP-RADIO',2101,'2018-01-15 08:30:19',NULL,'Cambio sesión SIP. Recurso: RD-10-01 Sesión:  ON sip.RD-20-10@10.20.184.13.5060 Activa ',' '),(326747,'SERVIDOR UG5K','RCS2010 U5KGR','SP-GEN',201,'2018-01-15 08:31:05',NULL,'Arranque APP RCS2010 UG5KR en puesto: @SERVIDOR UG5K',' '),(326748,'EMPL0101','CGW-10','SP-PASARELA',2000,'2018-01-15 08:31:09',NULL,'Cambio estado pasarela:  Fallo',' '),(326749,'EMPL0101','CGW-30','SP-PASARELA',2000,'2018-01-15 08:31:09',NULL,'Cambio estado pasarela:  Fallo',' '),(326750,'EMPL0102','CGW-20','SP-PASARELA',2000,'2018-01-15 08:31:09',NULL,'Cambio estado pasarela:  Aviso',' '),(326751,'EMPL0104','CGW-40','SP-PASARELA',2000,'2018-01-15 08:31:10',NULL,'Cambio estado pasarela:  Aviso',' '),(326752,'EMPL0101','CGW-10A','SP-PASARELA',2000,'2018-01-15 08:31:18',NULL,'Cambio estado pasarela: Perdida enlace.',' '),(326753,'EMPL0102','CGW-20B','SP-PASARELA',2000,'2018-01-15 08:31:18',NULL,'Cambio estado pasarela: Perdida enlace.',' '),(326754,'EMPL0102','CGW-20C','SP-PASARELA',2000,'2018-01-15 08:31:19',NULL,'Cambio estado pasarela: Perdida enlace.',' '),(326755,'EMPL0101','CGW-10','MAN-L',186,'2018-01-15 08:31:36',NULL,'Selección Modo:  MANTENIMIENTO  en recurso  RD-10-01','1@SERVIDOR UG5K'),(326756,'EMPL0101','CGW-10','MAN-L',196,'2018-01-15 08:31:38',NULL,'Resultado  Modo:  MANTENIMIENTO  en recurso  RD-10-01','1@SERVIDOR UG5K'),(326757,'EMPL0101','CGW-10','SP-RADIO',2101,'2018-01-15 08:31:38',NULL,'Cambio sesión SIP. Recurso: RD-10-01 Sesión:  ON sip.TX_VHF_N1@10.20.184.106 Idle ',' '),(326758,'EMPL0102','CGW-20','SP-RADIO',2101,'2018-01-15 08:31:38',NULL,'Cambio sesión SIP. Recurso: RD-20-11 Sesión:  ON sip.RD-10-01@10.10.184.13 Idle ',' '),(326759,'EMPL0102','CGW-20','SP-RADIO',2101,'2018-01-15 08:31:39',NULL,'Cambio sesión SIP. Recurso: RD-20-10 Sesión:  ON sip.RD-10-01@10.10.184.13 Idle ',' '),(326760,'EMPL0101','CGW-10','SP-RADIO',2101,'2018-01-15 08:31:40',NULL,'Cambio sesión SIP. Recurso: RD-10-01 Sesión:  ON sip.RX_VHF_N1@10.20.184.102 Idle ',' '),(326761,'EMPL0101','CGW-10','SP-RADIO',2101,'2018-01-15 08:31:41',NULL,'Cambio sesión SIP. Recurso: RD-10-01 Sesión:  ON sip.RD-20-11@10.20.184.13.5060 Idle ',' '),(326762,'EMPL0101','CGW-10','SP-RADIO',2101,'2018-01-15 08:31:42',NULL,'Cambio sesión SIP. Recurso: RD-10-01 Sesión:  ON sip.RD-20-10@10.20.184.13.5060 Idle ',' '),(326763,'EMPL0101','CGW-10','MAN-L',183,'2018-01-15 08:31:45',NULL,'Selección Bucle:  RF Local F.D.  Emplazamiento 1  en  RD-10-01.','1@SERVIDOR UG5K'),(326764,'EMPL0101','CGW-10','SP-RADIO',2101,'2018-01-15 08:31:49',NULL,'Cambio sesión SIP. Recurso: RD-10-01 Sesión:  ON sip.RD-20-11@10.20.184.13.5060 Activa ',' '),(326765,'EMPL0102','CGW-20','SP-RADIO',2101,'2018-01-15 08:31:49',NULL,'Cambio sesión SIP. Recurso: RD-20-11 Sesión:  ON sip.RD-10-01@10.10.184.13 Activa ',' '),(326766,'EMPL0101','CGW-10','SP-RADIO',2101,'2018-01-15 08:31:50',NULL,'Cambio sesión SIP. Recurso: RD-10-01 Sesión:  ON sip.RD-20-10@10.20.184.13.5060 Activa ',' '),(326767,'EMPL0102','CGW-20','SP-RADIO',2101,'2018-01-15 08:31:50',NULL,'Cambio sesión SIP. Recurso: RD-20-10 Sesión:  ON sip.RD-10-01@10.10.184.13 Activa ',' '),(326768,'EMPL0101','CGW-10','MAN-L',193,'2018-01-15 08:31:57',NULL,'Resultado Bucle: RF Local Simple en  RD-10-01 : --------','1@SERVIDOR UG5K'),(326769,'EMPL0101','CGW-10','SP-RADIO',2101,'2018-01-15 08:32:04',NULL,'Cambio sesión SIP. Recurso: RD-10-01 Sesión:  ON sip.RD-20-11@10.20.184.13.5060 Idle ',' '),(326770,'EMPL0102','CGW-20','SP-RADIO',2101,'2018-01-15 08:32:05',NULL,'Cambio sesión SIP. Recurso: RD-20-11 Sesión:  ON sip.RD-10-01@10.10.184.13 Idle ',' '),(326771,'EMPL0101','CGW-10','SP-RADIO',2101,'2018-01-15 08:32:05',NULL,'Cambio sesión SIP. Recurso: RD-10-01 Sesión:  ON sip.RD-20-10@10.20.184.13.5060 Idle ',' '),(326772,'EMPL0102','CGW-20','SP-RADIO',2101,'2018-01-15 08:32:06',NULL,'Cambio sesión SIP. Recurso: RD-20-10 Sesión:  ON sip.RD-10-01@10.10.184.13 Idle ',' '),(326773,'EMPL0101','CGW-10','MAN-L',183,'2018-01-15 08:32:20',NULL,'Selección Bucle:  RF Local F.D.  Emplazamiento 1  en  RD-10-01.','1@SERVIDOR UG5K'),(326774,'EMPL0102','CGW-20','SP-RADIO',2101,'2018-01-15 08:32:25',NULL,'Cambio sesión SIP. Recurso: RD-20-11 Sesión:  ON sip.RD-10-01@10.10.184.13 Activa ',' '),(326775,'EMPL0101','CGW-10','SP-RADIO',2101,'2018-01-15 08:32:25',NULL,'Cambio sesión SIP. Recurso: RD-10-01 Sesión:  ON sip.RD-20-11@10.20.184.13.5060 Activa ',' '),(326776,'EMPL0102','CGW-20','SP-RADIO',2101,'2018-01-15 08:32:26',NULL,'Cambio sesión SIP. Recurso: RD-20-10 Sesión:  ON sip.RD-10-01@10.10.184.13 Activa ',' '),(326777,'EMPL0101','CGW-10','SP-RADIO',2101,'2018-01-15 08:32:26',NULL,'Cambio sesión SIP. Recurso: RD-10-01 Sesión:  ON sip.RD-20-10@10.20.184.13.5060 Activa ',' '),(326778,'EMPL0101','CGW-10','MAN-L',193,'2018-01-15 08:32:37',NULL,'Resultado Bucle: RF Local Simple en  RD-10-01 : --------','1@SERVIDOR UG5K'),(326779,'EMPL0101','CGW-10','SP-RADIO',2101,'2018-01-15 08:32:40',NULL,'Cambio sesión SIP. Recurso: RD-10-01 Sesión:  ON sip.RD-20-11@10.20.184.13.5060 Idle ',' '),(326780,'EMPL0102','CGW-20','SP-RADIO',2101,'2018-01-15 08:32:40',NULL,'Cambio sesión SIP. Recurso: RD-20-11 Sesión:  ON sip.RD-10-01@10.10.184.13 Idle ',' '),(326781,'EMPL0101','CGW-10','SP-RADIO',2101,'2018-01-15 08:32:41',NULL,'Cambio sesión SIP. Recurso: RD-10-01 Sesión:  ON sip.RD-20-10@10.20.184.13.5060 Idle ',' '),(326782,'EMPL0102','CGW-20','SP-RADIO',2101,'2018-01-15 08:32:41',NULL,'Cambio sesión SIP. Recurso: RD-20-10 Sesión:  ON sip.RD-10-01@10.10.184.13 Idle ',' '),(326783,'EMPL0101','CGW-10','MAN-L',183,'2018-01-15 08:32:59',NULL,'Selección Bucle:  RF Local F.D.  Emplazamiento 2  en  RD-10-01.','1@SERVIDOR UG5K'),(326784,'EMPL0101','CGW-10','MAN-L',193,'2018-01-15 08:33:07',NULL,'Resultado Bucle: RF Local Simple en  RD-10-01 : --------','1@SERVIDOR UG5K'),(326785,'EMPL0101','CGW-10','MAN-L',183,'2018-01-15 08:33:39',NULL,'Selección Bucle:  RF Local F.D.  Emplazamiento 3  en  RD-10-01.','1@SERVIDOR UG5K'),(326786,'EMPL0101','CGW-10','SP-RADIO',2101,'2018-01-15 08:33:42',NULL,'Cambio sesión SIP. Recurso: RD-10-01 Sesión:  ON sip.TX_VHF_N1@10.20.184.106 Activa ',' '),(326787,'EMPL0101','CGW-10','SP-RADIO',2101,'2018-01-15 08:33:43',NULL,'Cambio sesión SIP. Recurso: RD-10-01 Sesión:  ON sip.RX_VHF_N1@10.20.184.102 Activa ',' '),(326788,'EMPL0101','CGW-10','MAN-L',193,'2018-01-15 08:33:47',NULL,'Resultado Bucle: RF Local Simple en  RD-10-01 : --------','1@SERVIDOR UG5K'),(326789,'EMPL0101','CGW-10','SP-RADIO',2101,'2018-01-15 08:33:58',NULL,'Cambio sesión SIP. Recurso: RD-10-01 Sesión:  ON sip.TX_VHF_N1@10.20.184.106 Idle ',' '),(326790,'EMPL0101','CGW-10','SP-RADIO',2101,'2018-01-15 08:33:59',NULL,'Cambio sesión SIP. Recurso: RD-10-01 Sesión:  ON sip.RX_VHF_N1@10.20.184.102 Idle ',' '),(326791,NULL,'CFG','CONF-R',116,'2018-01-15 08:35:03',NULL,'Modificación de Parámetros Lógicos de  Recurso RD-10-01.','1 (a)'),(326792,NULL,'CFG','CONF-R',116,'2018-01-15 08:35:36',NULL,'Modificación de Parámetros Lógicos de  Recurso RD-10-01.','1 (a)'),(326793,NULL,'CFG','CONF-R',116,'2018-01-15 08:36:05',NULL,'Modificación de Parámetros Lógicos de  Recurso RD-10-01.','1 (a)'),(326794,NULL,'CFG','CONF-R',105,'2018-01-15 08:36:16',NULL,'Carga de Configuración Remota CFG4.','1 (a)'),(326795,'EMPL0101','CGW-10','SP-RADIO',2101,'2018-01-15 08:36:23',NULL,'Cambio sesión SIP. Recurso: RD-10-01 Sesión:  OFF sip.RD-20-11@10.20.184.13.5060 - ',' '),(326796,'EMPL0102','CGW-20','SP-RADIO',2101,'2018-01-15 08:36:23',NULL,'Cambio sesión SIP. Recurso: RD-20-11 Sesión:  OFF sip.RD-10-01@10.10.184.13 - ',' '),(326797,'EMPL0101','CGW-10','SP-RADIO',2101,'2018-01-15 08:36:24',NULL,'Cambio sesión SIP. Recurso: RD-10-01 Sesión:  OFF sip.RD-20-10@10.20.184.13.5060 - ',' '),(326798,'EMPL0102','CGW-20','SP-RADIO',2101,'2018-01-15 08:36:24',NULL,'Cambio sesión SIP. Recurso: RD-20-10 Sesión:  OFF sip.RD-10-01@10.10.184.13 - ',' '),(326799,'EMPL0101','CGW-10','SP-RADIO',2101,'2018-01-15 08:36:25',NULL,'Cambio sesión SIP. Recurso: RD-10-01 Sesión:  OFF sip.TX_VHF_N1@10.20.184.106 - ',' '),(326800,'EMPL0101','CGW-10','SP-RADIO',2101,'2018-01-15 08:36:26',NULL,'Cambio sesión SIP. Recurso: RD-10-01 Sesión:  OFF sip.RX_VHF_N1@10.20.184.102 - ',' '),(326801,'EMPL0102','CGW-20','SP-RADIO',2101,'2018-01-15 08:36:28',NULL,'Cambio sesión SIP. Recurso: RD-20-11 Sesión:  ON sip.RD-10-01@10.10.184.13 Idle ',' '),(326802,'EMPL0101','CGW-10','SP-RADIO',2101,'2018-01-15 08:36:29',NULL,'Cambio sesión SIP. Recurso: RD-10-01 Sesión:  ON sip.TX_VHF_N1@10.20.184.106 Idle ',' '),(326803,'EMPL0102','CGW-20','SP-RADIO',2101,'2018-01-15 08:36:29',NULL,'Cambio sesión SIP. Recurso: RD-20-10 Sesión:  ON sip.RD-10-01@10.10.184.13 Idle ',' '),(326804,'EMPL0101','CGW-10','SP-RADIO',2101,'2018-01-15 08:36:30',NULL,'Cambio sesión SIP. Recurso: RD-10-01 Sesión:  ON sip.RX_VHF_N1@10.20.184.102 Idle ',' '),(326805,'SERVIDOR UG5K','RCS2010 U5KGR','SP-GEN',201,'2018-01-15 08:36:39',NULL,'Arranque APP RCS2010 UG5KR en puesto: @SERVIDOR UG5K',' '),(326806,'EMPL0101','CGW-10','SP-PASARELA',2000,'2018-01-15 08:36:42',NULL,'Cambio estado pasarela:  Fallo',' '),(326807,'EMPL0101','CGW-30','SP-PASARELA',2000,'2018-01-15 08:36:42',NULL,'Cambio estado pasarela:  Fallo',' '),(326808,'EMPL0102','CGW-20','SP-PASARELA',2000,'2018-01-15 08:36:42',NULL,'Cambio estado pasarela:  Aviso',' '),(326809,'EMPL0104','CGW-40','SP-PASARELA',2000,'2018-01-15 08:36:43',NULL,'Cambio estado pasarela:  Aviso',' '),(326810,'EMPL0101','CGW-10A','SP-PASARELA',2000,'2018-01-15 08:36:51',NULL,'Cambio estado pasarela: Perdida enlace.',' '),(326811,'EMPL0102','CGW-20B','SP-PASARELA',2000,'2018-01-15 08:36:51',NULL,'Cambio estado pasarela: Perdida enlace.',' '),(326812,'EMPL0102','CGW-20C','SP-PASARELA',2000,'2018-01-15 08:36:52',NULL,'Cambio estado pasarela: Perdida enlace.',' '),(326813,'EMPL0101','CGW-10','MAN-L',186,'2018-01-15 08:37:02',NULL,'Selección Modo:  MANTENIMIENTO  en recurso  RD-10-01','1@SERVIDOR UG5K'),(326814,'EMPL0101','CGW-10','MAN-L',196,'2018-01-15 08:37:03',NULL,'Resultado  Modo:  MANTENIMIENTO  en recurso  RD-10-01','1@SERVIDOR UG5K'),(326815,'EMPL0101','CGW-10','MAN-L',186,'2018-01-15 08:37:13',NULL,'Selección Modo:  NORMAL  en recurso  RD-10-01','1@SERVIDOR UG5K'),(326816,'EMPL0101','CGW-10','MAN-L',196,'2018-01-15 08:37:15',NULL,'Resultado  Modo:  NORMAL en recurso  RD-10-01','1@SERVIDOR UG5K'),(326817,'EMPL0101','CGW-10','SP-RADIO',2101,'2018-01-15 08:37:20',NULL,'Cambio sesión SIP. Recurso: RD-10-01 Sesión:  ON sip.TX_VHF_N1@10.20.184.106 Activa ',' '),(326818,'EMPL0102','CGW-20','SP-RADIO',2101,'2018-01-15 08:37:20',NULL,'Cambio sesión SIP. Recurso: RD-20-11 Sesión:  ON sip.RD-10-01@10.10.184.13 Activa ',' '),(326819,'EMPL0101','CGW-10','SP-RADIO',2101,'2018-01-15 08:37:21',NULL,'Cambio sesión SIP. Recurso: RD-10-01 Sesión:  ON sip.RX_VHF_N1@10.20.184.102 Activa ',' '),(326820,'EMPL0102','CGW-20','SP-RADIO',2101,'2018-01-15 08:37:21',NULL,'Cambio sesión SIP. Recurso: RD-20-10 Sesión:  ON sip.RD-10-01@10.10.184.13 Activa ',' '),(326821,'EMPL0101','CGW-10','SP-RADIO',2101,'2018-01-15 08:37:22',NULL,'Cambio sesión SIP. Recurso: RD-10-01 Sesión:  ON sip.RD-20-11@10.20.184.13.5060 Activa ',' '),(326822,'EMPL0101','CGW-10','MAN-L',186,'2018-01-15 08:37:22',NULL,'Selección Modo:  MANTENIMIENTO  en recurso  RD-10-01','1@SERVIDOR UG5K'),(326823,'EMPL0101','CGW-10','SP-RADIO',2101,'2018-01-15 08:37:23',NULL,'Cambio sesión SIP. Recurso: RD-10-01 Sesión:  ON sip.RD-20-10@10.20.184.13.5060 Activa ',' '),(326824,'EMPL0101','CGW-10','MAN-L',196,'2018-01-15 08:37:24',NULL,'Resultado  Modo:  MANTENIMIENTO  en recurso  RD-10-01','1@SERVIDOR UG5K'),(326825,'EMPL0101','CGW-10','SP-RADIO',2101,'2018-01-15 08:37:25',NULL,'Cambio sesión SIP. Recurso: RD-10-01 Sesión:  ON sip.TX_VHF_N1@10.20.184.106 Idle ',' '),(326826,'EMPL0102','CGW-20','SP-RADIO',2101,'2018-01-15 08:37:25',NULL,'Cambio sesión SIP. Recurso: RD-20-11 Sesión:  ON sip.RD-10-01@10.10.184.13 Idle ',' '),(326827,'EMPL0101','CGW-10','SP-RADIO',2101,'2018-01-15 08:37:26',NULL,'Cambio sesión SIP. Recurso: RD-10-01 Sesión:  ON sip.RX_VHF_N1@10.20.184.102 Idle ',' '),(326828,'EMPL0102','CGW-20','SP-RADIO',2101,'2018-01-15 08:37:26',NULL,'Cambio sesión SIP. Recurso: RD-20-10 Sesión:  ON sip.RD-10-01@10.10.184.13 Idle ',' '),(326829,'EMPL0101','CGW-10','SP-RADIO',2101,'2018-01-15 08:37:27',NULL,'Cambio sesión SIP. Recurso: RD-10-01 Sesión:  ON sip.RD-20-11@10.20.184.13.5060 Idle ',' '),(326830,'EMPL0101','CGW-10','SP-RADIO',2101,'2018-01-15 08:37:28',NULL,'Cambio sesión SIP. Recurso: RD-10-01 Sesión:  ON sip.RD-20-10@10.20.184.13.5060 Idle ',' '),(326831,'EMPL0101','CGW-10','MAN-L',183,'2018-01-15 08:37:36',NULL,'Selección Bucle:  RF Local F.D.  Emplazamiento 1  en  RD-10-01.','1@SERVIDOR UG5K'),(326832,'EMPL0101','CGW-10','SP-RADIO',2101,'2018-01-15 08:37:41',NULL,'Cambio sesión SIP. Recurso: RD-10-01 Sesión:  ON sip.RD-20-11@10.20.184.13.5060 Activa ',' '),(326833,'EMPL0102','CGW-20','SP-RADIO',2101,'2018-01-15 08:37:41',NULL,'Cambio sesión SIP. Recurso: RD-20-11 Sesión:  ON sip.RD-10-01@10.10.184.13 Activa ',' '),(326834,'EMPL0101','CGW-10','SP-RADIO',2101,'2018-01-15 08:37:42',NULL,'Cambio sesión SIP. Recurso: RD-10-01 Sesión:  ON sip.RD-20-10@10.20.184.13.5060 Activa ',' '),(326835,'EMPL0102','CGW-20','SP-RADIO',2101,'2018-01-15 08:37:42',NULL,'Cambio sesión SIP. Recurso: RD-20-10 Sesión:  ON sip.RD-10-01@10.10.184.13 Activa ',' '),(326836,'EMPL0101','CGW-10','MAN-L',193,'2018-01-15 08:37:50',NULL,'Resultado Bucle: RF Local Simple en  RD-10-01 : --------','1@SERVIDOR UG5K'),(326837,'EMPL0102','CGW-20','SP-RADIO',2101,'2018-01-15 08:37:56',NULL,'Cambio sesión SIP. Recurso: RD-20-11 Sesión:  ON sip.RD-10-01@10.10.184.13 Idle ',' '),(326838,'EMPL0101','CGW-10','SP-RADIO',2101,'2018-01-15 08:37:56',NULL,'Cambio sesión SIP. Recurso: RD-10-01 Sesión:  ON sip.RD-20-11@10.20.184.13.5060 Idle ',' '),(326839,'EMPL0101','CGW-10','SP-RADIO',2101,'2018-01-15 08:37:58',NULL,'Cambio sesión SIP. Recurso: RD-10-01 Sesión:  ON sip.RD-20-10@10.20.184.13.5060 Idle ',' '),(326840,'EMPL0102','CGW-20','SP-RADIO',2101,'2018-01-15 08:37:58',NULL,'Cambio sesión SIP. Recurso: RD-20-10 Sesión:  ON sip.RD-10-01@10.10.184.13 Idle ',' '),(326841,'EMPL0101','CGW-10','MAN-L',183,'2018-01-15 08:38:40',NULL,'Selección Bucle:  RF Local F.D.  Emplazamiento 3  en  RD-10-01.','1@SERVIDOR UG5K'),(326842,'EMPL0101','CGW-10','SP-RADIO',2101,'2018-01-15 08:38:43',NULL,'Cambio sesión SIP. Recurso: RD-10-01 Sesión:  ON sip.TX_VHF_N1@10.20.184.106 Activa ',' '),(326843,'EMPL0101','CGW-10','SP-RADIO',2101,'2018-01-15 08:38:44',NULL,'Cambio sesión SIP. Recurso: RD-10-01 Sesión:  ON sip.RX_VHF_N1@10.20.184.102 Activa ',' '),(326844,'EMPL0101','CGW-10','MAN-L',193,'2018-01-15 08:38:50',NULL,'Resultado Bucle: RF Local Simple en  RD-10-01 : --------','1@SERVIDOR UG5K'),(326845,'EMPL0101','CGW-10','SP-RADIO',2101,'2018-01-15 08:38:58',NULL,'Cambio sesión SIP. Recurso: RD-10-01 Sesión:  ON sip.TX_VHF_N1@10.20.184.106 Idle ',' '),(326846,'EMPL0101','CGW-10','SP-RADIO',2101,'2018-01-15 08:38:59',NULL,'Cambio sesión SIP. Recurso: RD-10-01 Sesión:  ON sip.RX_VHF_N1@10.20.184.102 Idle ',' '),(326847,'EMPL0101','CGW-10','MAN-L',183,'2018-01-15 08:39:38',NULL,'Selección Bucle:  RF Local F.D.  Emplazamiento 1  en  RD-10-01.','1@SERVIDOR UG5K'),(326848,'EMPL0101','CGW-10','SP-RADIO',2101,'2018-01-15 08:39:39',NULL,'Cambio sesión SIP. Recurso: RD-10-01 Sesión:  ON sip.RD-20-11@10.20.184.13.5060 Activa ',' '),(326849,'EMPL0102','CGW-20','SP-RADIO',2101,'2018-01-15 08:39:40',NULL,'Cambio sesión SIP. Recurso: RD-20-11 Sesión:  ON sip.RD-10-01@10.10.184.13 Activa ',' '),(326850,'EMPL0102','CGW-20','SP-RADIO',2101,'2018-01-15 08:39:41',NULL,'Cambio sesión SIP. Recurso: RD-20-10 Sesión:  ON sip.RD-10-01@10.10.184.13 Activa ',' '),(326851,'EMPL0101','CGW-10','SP-RADIO',2101,'2018-01-15 08:39:41',NULL,'Cambio sesión SIP. Recurso: RD-10-01 Sesión:  ON sip.RD-20-10@10.20.184.13.5060 Activa ',' '),(326852,'EMPL0101','CGW-10','MAN-L',193,'2018-01-15 08:39:50',NULL,'Resultado Bucle: RF Local Simple en  RD-10-01 : --------','1@SERVIDOR UG5K'),(326853,'EMPL0101','CGW-10','SP-RADIO',2101,'2018-01-15 08:39:55',NULL,'Cambio sesión SIP. Recurso: RD-10-01 Sesión:  ON sip.RD-20-11@10.20.184.13.5060 Idle ',' '),(326854,'EMPL0102','CGW-20','SP-RADIO',2101,'2018-01-15 08:39:55',NULL,'Cambio sesión SIP. Recurso: RD-20-11 Sesión:  ON sip.RD-10-01@10.10.184.13 Idle ',' '),(326855,'EMPL0101','CGW-10','SP-RADIO',2101,'2018-01-15 08:39:56',NULL,'Cambio sesión SIP. Recurso: RD-10-01 Sesión:  ON sip.RD-20-10@10.20.184.13.5060 Idle ',' '),(326856,'EMPL0102','CGW-20','SP-RADIO',2101,'2018-01-15 08:39:56',NULL,'Cambio sesión SIP. Recurso: RD-20-10 Sesión:  ON sip.RD-10-01@10.10.184.13 Idle ',' '),(326857,NULL,'CFG','CONF-R',116,'2018-01-15 08:41:48',NULL,'Modificación de Parámetros Lógicos de  Recurso RD-10-01.','1 (a)'),(326858,NULL,'CFG','CONF-R',116,'2018-01-15 08:42:26',NULL,'Modificación de Parámetros Lógicos de  Recurso RD-10-01.','1 (a)'),(326859,'EMPL0101','CGW-10','MAN-L',186,'2018-01-15 08:43:11',NULL,'Selección Modo:  NORMAL  en recurso  RD-10-01','1@SERVIDOR UG5K'),(326860,'EMPL0101','CGW-10','MAN-L',196,'2018-01-15 08:43:13',NULL,'Resultado  Modo:  NORMAL en recurso  RD-10-01','1@SERVIDOR UG5K'),(326861,'EMPL0101','CGW-10','SP-RADIO',2101,'2018-01-15 08:43:17',NULL,'Cambio sesión SIP. Recurso: RD-10-01 Sesión:  ON sip.TX_VHF_N1@10.20.184.106 Activa ',' '),(326862,'EMPL0102','CGW-20','SP-RADIO',2101,'2018-01-15 08:43:17',NULL,'Cambio sesión SIP. Recurso: RD-20-11 Sesión:  ON sip.RD-10-01@10.10.184.13 Activa ',' '),(326863,'EMPL0101','CGW-10','SP-RADIO',2101,'2018-01-15 08:43:18',NULL,'Cambio sesión SIP. Recurso: RD-10-01 Sesión:  ON sip.RX_VHF_N1@10.20.184.102 Activa ',' '),(326864,'EMPL0102','CGW-20','SP-RADIO',2101,'2018-01-15 08:43:18',NULL,'Cambio sesión SIP. Recurso: RD-20-10 Sesión:  ON sip.RD-10-01@10.10.184.13 Activa ',' '),(326865,'EMPL0101','CGW-10','SP-RADIO',2101,'2018-01-15 08:43:19',NULL,'Cambio sesión SIP. Recurso: RD-10-01 Sesión:  ON sip.RD-20-11@10.20.184.13.5060 Activa ',' '),(326866,'EMPL0101','CGW-10','SP-RADIO',2101,'2018-01-15 08:43:20',NULL,'Cambio sesión SIP. Recurso: RD-10-01 Sesión:  ON sip.RD-20-10@10.20.184.13.5060 Activa ',' '),(326867,'EMPL0101','CGW-10','MAN-L',186,'2018-01-15 08:43:31',NULL,'Selección Modo:  MANTENIMIENTO  en recurso  RD-10-01','1@SERVIDOR UG5K'),(326868,'EMPL0101','CGW-10','MAN-L',196,'2018-01-15 08:43:33',NULL,'Resultado  Modo:  MANTENIMIENTO  en recurso  RD-10-01','1@SERVIDOR UG5K'),(326869,'EMPL0101','CGW-10','SP-RADIO',2101,'2018-01-15 08:43:33',NULL,'Cambio sesión SIP. Recurso: RD-10-01 Sesión:  ON sip.TX_VHF_N1@10.20.184.106 Idle ',' '),(326870,'EMPL0102','CGW-20','SP-RADIO',2101,'2018-01-15 08:43:33',NULL,'Cambio sesión SIP. Recurso: RD-20-11 Sesión:  ON sip.RD-10-01@10.10.184.13 Idle ',' '),(326871,'EMPL0102','CGW-20','SP-RADIO',2101,'2018-01-15 08:43:34',NULL,'Cambio sesión SIP. Recurso: RD-20-10 Sesión:  ON sip.RD-10-01@10.10.184.13 Idle ',' '),(326872,'EMPL0101','CGW-10','SP-RADIO',2101,'2018-01-15 08:43:34',NULL,'Cambio sesión SIP. Recurso: RD-10-01 Sesión:  ON sip.RX_VHF_N1@10.20.184.102 Idle ',' '),(326873,'EMPL0101','CGW-10','SP-RADIO',2101,'2018-01-15 08:43:35',NULL,'Cambio sesión SIP. Recurso: RD-10-01 Sesión:  ON sip.RD-20-11@10.20.184.13.5060 Idle ',' '),(326874,'EMPL0101','CGW-10','SP-RADIO',2101,'2018-01-15 08:43:36',NULL,'Cambio sesión SIP. Recurso: RD-10-01 Sesión:  ON sip.RD-20-10@10.20.184.13.5060 Idle ',' '),(326875,'EMPL0101','CGW-10','MAN-L',183,'2018-01-15 08:43:40',NULL,'Selección Bucle:  RF Local F.D.  Emplazamiento 1  en  RD-10-01.','1@SERVIDOR UG5K'),(326876,'EMPL0102','CGW-20','SP-RADIO',2101,'2018-01-15 08:43:43',NULL,'Cambio sesión SIP. Recurso: RD-20-11 Sesión:  ON sip.RD-10-01@10.10.184.13 Activa ',' '),(326877,'EMPL0101','CGW-10','SP-RADIO',2101,'2018-01-15 08:43:43',NULL,'Cambio sesión SIP. Recurso: RD-10-01 Sesión:  ON sip.RD-20-11@10.20.184.13.5060 Activa ',' '),(326878,'EMPL0102','CGW-20','SP-RADIO',2101,'2018-01-15 08:43:44',NULL,'Cambio sesión SIP. Recurso: RD-20-10 Sesión:  ON sip.RD-10-01@10.10.184.13 Activa ',' '),(326879,'EMPL0101','CGW-10','SP-RADIO',2101,'2018-01-15 08:43:44',NULL,'Cambio sesión SIP. Recurso: RD-10-01 Sesión:  ON sip.RD-20-10@10.20.184.13.5060 Activa ',' '),(326880,'EMPL0101','CGW-10','MAN-L',193,'2018-01-15 08:43:51',NULL,'Resultado Bucle: RF Local Simple en  RD-10-01 : --------','1@SERVIDOR UG5K'),(326881,'EMPL0102','CGW-20','SP-RADIO',2101,'2018-01-15 08:43:58',NULL,'Cambio sesión SIP. Recurso: RD-20-11 Sesión:  ON sip.RD-10-01@10.10.184.13 Idle ',' '),(326882,'EMPL0101','CGW-10','SP-RADIO',2101,'2018-01-15 08:43:59',NULL,'Cambio sesión SIP. Recurso: RD-10-01 Sesión:  ON sip.RD-20-11@10.20.184.13.5060 Idle ',' '),(326883,'EMPL0101','CGW-10','SP-RADIO',2101,'2018-01-15 08:44:00',NULL,'Cambio sesión SIP. Recurso: RD-10-01 Sesión:  ON sip.RD-20-10@10.20.184.13.5060 Idle ',' '),(326884,'EMPL0102','CGW-20','SP-RADIO',2101,'2018-01-15 08:43:59',NULL,'Cambio sesión SIP. Recurso: RD-20-10 Sesión:  ON sip.RD-10-01@10.10.184.13 Idle ',' '),(326885,'EMPL0101','CGW-10','MAN-L',183,'2018-01-15 08:44:20',NULL,'Selección Bucle:  RF Local F.D.  Emplazamiento 3  en  RD-10-01.','1@SERVIDOR UG5K'),(326886,'EMPL0101','CGW-10','SP-RADIO',2101,'2018-01-15 08:44:24',NULL,'Cambio sesión SIP. Recurso: RD-10-01 Sesión:  ON sip.TX_VHF_N1@10.20.184.106 Activa ',' '),(326887,'EMPL0101','CGW-10','SP-RADIO',2101,'2018-01-15 08:44:25',NULL,'Cambio sesión SIP. Recurso: RD-10-01 Sesión:  ON sip.RX_VHF_N1@10.20.184.102 Activa ',' '),(326888,'EMPL0101','CGW-10','MAN-L',193,'2018-01-15 08:44:31',NULL,'Resultado Bucle: RF Local Simple en  RD-10-01 : --------','1@SERVIDOR UG5K'),(326889,'EMPL0101','CGW-10','SP-RADIO',2101,'2018-01-15 08:44:39',NULL,'Cambio sesión SIP. Recurso: RD-10-01 Sesión:  ON sip.TX_VHF_N1@10.20.184.106 Idle ',' '),(326890,'EMPL0101','CGW-10','SP-RADIO',2101,'2018-01-15 08:44:40',NULL,'Cambio sesión SIP. Recurso: RD-10-01 Sesión:  ON sip.RX_VHF_N1@10.20.184.102 Idle ',' '),(326891,'EMPL0101','CGW-10','MAN-L',183,'2018-01-15 08:45:11',NULL,'Selección Bucle:  RF Local F.D.  Emplazamiento 3  en  RD-10-01.','1@SERVIDOR UG5K'),(326892,'EMPL0101','CGW-10','SP-RADIO',2101,'2018-01-15 08:45:16',NULL,'Cambio sesión SIP. Recurso: RD-10-01 Sesión:  ON sip.TX_VHF_N1@10.20.184.106 Activa ',' '),(326893,'EMPL0101','CGW-10','SP-RADIO',2101,'2018-01-15 08:45:17',NULL,'Cambio sesión SIP. Recurso: RD-10-01 Sesión:  ON sip.RX_VHF_N1@10.20.184.102 Activa ',' '),(326894,'EMPL0101','CGW-10','MAN-L',193,'2018-01-15 08:45:21',NULL,'Resultado Bucle: RF Local Simple en  RD-10-01 : --------','1@SERVIDOR UG5K'),(326895,'EMPL0101','CGW-10','SP-RADIO',2101,'2018-01-15 08:45:32',NULL,'Cambio sesión SIP. Recurso: RD-10-01 Sesión:  ON sip.TX_VHF_N1@10.20.184.106 Idle ',' '),(326896,'EMPL0101','CGW-10','SP-RADIO',2101,'2018-01-15 08:45:33',NULL,'Cambio sesión SIP. Recurso: RD-10-01 Sesión:  ON sip.RX_VHF_N1@10.20.184.102 Idle ',' '),(326897,NULL,'CFG','CONF-R',116,'2018-01-15 08:53:05',NULL,'Modificación de Parámetros Lógicos de  Recurso RD-10-01.','1 (a)'),(326898,NULL,'CFG','CONF-R',116,'2018-01-15 08:54:22',NULL,'Modificación de Parámetros Lógicos de  Recurso RD-10-01.','1 (a)'),(326899,NULL,'CFG','CONF-R',105,'2018-01-15 08:54:32',NULL,'Carga de Configuración Remota CFG4.','1 (a)'),(326900,'EMPL0101','CGW-10','MAN-L',186,'2018-01-15 08:55:19',NULL,'Selección Modo:  NORMAL  en recurso  RD-10-01','1@SERVIDOR UG5K'),(326901,'EMPL0101','CGW-10','MAN-L',196,'2018-01-15 08:55:21',NULL,'Resultado  Modo:  NORMAL en recurso  RD-10-01','1@SERVIDOR UG5K'),(326902,'EMPL0101','CGW-10','SP-RADIO',2101,'2018-01-15 08:55:20',NULL,'Cambio sesión SIP. Recurso: RD-10-01 Sesión:  ON sip.TX_VHF_N1@10.20.184.106 Activa ',' '),(326903,'EMPL0102','CGW-20','SP-RADIO',2101,'2018-01-15 08:55:21',NULL,'Cambio sesión SIP. Recurso: RD-20-11 Sesión:  ON sip.RD-10-01@10.10.184.13 Activa ',' '),(326904,'EMPL0101','CGW-10','SP-RADIO',2101,'2018-01-15 08:55:21',NULL,'Cambio sesión SIP. Recurso: RD-10-01 Sesión:  ON sip.RX_VHF_N1@10.20.184.102 Activa ',' '),(326905,'EMPL0102','CGW-20','SP-RADIO',2101,'2018-01-15 08:55:22',NULL,'Cambio sesión SIP. Recurso: RD-20-10 Sesión:  ON sip.RD-10-01@10.10.184.13 Activa ',' '),(326906,'EMPL0101','CGW-10','SP-RADIO',2101,'2018-01-15 08:55:23',NULL,'Cambio sesión SIP. Recurso: RD-10-01 Sesión:  ON sip.RD-20-11@10.20.184.13.5060 Activa ',' '),(326907,'EMPL0101','CGW-10','SP-RADIO',2101,'2018-01-15 08:55:24',NULL,'Cambio sesión SIP. Recurso: RD-10-01 Sesión:  ON sip.RD-20-10@10.20.184.13.5060 Activa ',' '),(326908,'SERVIDOR UG5K','RCS2010 U5KGR','SP-GEN',201,'2018-01-15 08:55:37',NULL,'Arranque APP RCS2010 UG5KR en puesto: @SERVIDOR UG5K',' '),(326909,'EMPL0101','CGW-10','SP-PASARELA',2000,'2018-01-15 08:55:41',NULL,'Cambio estado pasarela:  Fallo',' '),(326910,'EMPL0101','CGW-30','SP-PASARELA',2000,'2018-01-15 08:55:41',NULL,'Cambio estado pasarela:  Fallo',' '),(326911,'EMPL0102','CGW-20','SP-PASARELA',2000,'2018-01-15 08:55:41',NULL,'Cambio estado pasarela:  Aviso',' '),(326912,'EMPL0104','CGW-40','SP-PASARELA',2000,'2018-01-15 08:55:42',NULL,'Cambio estado pasarela:  Aviso',' '),(326913,'EMPL0101','CGW-10A','SP-PASARELA',2000,'2018-01-15 08:55:50',NULL,'Cambio estado pasarela: Perdida enlace.',' '),(326914,'EMPL0102','CGW-20B','SP-PASARELA',2000,'2018-01-15 08:55:50',NULL,'Cambio estado pasarela: Perdida enlace.',' '),(326915,'EMPL0102','CGW-20C','SP-PASARELA',2000,'2018-01-15 08:55:51',NULL,'Cambio estado pasarela: Perdida enlace.',' '),(326916,'EMPL0101','CGW-10','MAN-L',186,'2018-01-15 08:56:41',NULL,'Selección Modo:  MANTENIMIENTO  en recurso  RD-10-01','1@SERVIDOR UG5K'),(326917,'EMPL0101','CGW-10','MAN-L',196,'2018-01-15 08:56:43',NULL,'Resultado  Modo:  MANTENIMIENTO  en recurso  RD-10-01','1@SERVIDOR UG5K'),(326918,'EMPL0101','CGW-10','SP-RADIO',2101,'2018-01-15 08:56:44',NULL,'Cambio sesión SIP. Recurso: RD-10-01 Sesión:  ON sip.TX_VHF_N1@10.20.184.106 Idle ',' '),(326919,'EMPL0102','CGW-20','SP-RADIO',2101,'2018-01-15 08:56:43',NULL,'Cambio sesión SIP. Recurso: RD-20-11 Sesión:  ON sip.RD-10-01@10.10.184.13 Idle ',' '),(326920,'EMPL0102','CGW-20','SP-RADIO',2101,'2018-01-15 08:56:44',NULL,'Cambio sesión SIP. Recurso: RD-20-10 Sesión:  ON sip.RD-10-01@10.10.184.13 Idle ',' '),(326921,'EMPL0101','CGW-10','SP-RADIO',2101,'2018-01-15 08:56:45',NULL,'Cambio sesión SIP. Recurso: RD-10-01 Sesión:  ON sip.RX_VHF_N1@10.20.184.102 Idle ',' '),(326922,'EMPL0101','CGW-10','SP-RADIO',2101,'2018-01-15 08:56:46',NULL,'Cambio sesión SIP. Recurso: RD-10-01 Sesión:  ON sip.RD-20-11@10.20.184.13.5060 Idle ',' '),(326923,'EMPL0101','CGW-10','SP-RADIO',2101,'2018-01-15 08:56:47',NULL,'Cambio sesión SIP. Recurso: RD-10-01 Sesión:  ON sip.RD-20-10@10.20.184.13.5060 Idle ',' '),(326924,'EMPL0101','CGW-10','MAN-L',183,'2018-01-15 08:56:49',NULL,'Selección Bucle:  RF Local F.D.  Emplazamiento 1  en  RD-10-01.','1@SERVIDOR UG5K'),(326925,'EMPL0101','CGW-10','SP-RADIO',2101,'2018-01-15 08:56:54',NULL,'Cambio sesión SIP. Recurso: RD-10-01 Sesión:  ON sip.RD-20-11@10.20.184.13.5060 Activa ',' '),(326926,'EMPL0101','CGW-10','SP-RADIO',2101,'2018-01-15 08:56:55',NULL,'Cambio sesión SIP. Recurso: RD-10-01 Sesión:  ON sip.RD-20-10@10.20.184.13.5060 Activa ',' '),(326927,'EMPL0102','CGW-20','SP-RADIO',2101,'2018-01-15 08:56:54',NULL,'Cambio sesión SIP. Recurso: RD-20-11 Sesión:  ON sip.RD-10-01@10.10.184.13 Activa ',' '),(326928,'EMPL0102','CGW-20','SP-RADIO',2101,'2018-01-15 08:56:55',NULL,'Cambio sesión SIP. Recurso: RD-20-10 Sesión:  ON sip.RD-10-01@10.10.184.13 Activa ',' '),(326929,'EMPL0101','CGW-10','MAN-L',193,'2018-01-15 08:57:04',NULL,'Resultado Bucle: RF Local Simple en  RD-10-01 : --------','1@SERVIDOR UG5K'),(326930,'EMPL0101','CGW-10','SP-RADIO',2101,'2018-01-15 08:57:09',NULL,'Cambio sesión SIP. Recurso: RD-10-01 Sesión:  ON sip.RD-20-11@10.20.184.13.5060 Idle ',' '),(326931,'EMPL0102','CGW-20','SP-RADIO',2101,'2018-01-15 08:57:10',NULL,'Cambio sesión SIP. Recurso: RD-20-11 Sesión:  ON sip.RD-10-01@10.10.184.13 Idle ',' '),(326932,'EMPL0101','CGW-10','SP-RADIO',2101,'2018-01-15 08:57:10',NULL,'Cambio sesión SIP. Recurso: RD-10-01 Sesión:  ON sip.RD-20-10@10.20.184.13.5060 Idle ',' '),(326933,'EMPL0102','CGW-20','SP-RADIO',2101,'2018-01-15 08:57:11',NULL,'Cambio sesión SIP. Recurso: RD-20-10 Sesión:  ON sip.RD-10-01@10.10.184.13 Idle ',' '),(326934,'EMPL0101','CGW-10','MAN-L',183,'2018-01-15 08:57:34',NULL,'Selección Bucle:  RF Local F.D.  Emplazamiento 3  en  RD-10-01.','1@SERVIDOR UG5K'),(326935,'EMPL0101','CGW-10','SP-RADIO',2101,'2018-01-15 08:57:36',NULL,'Cambio sesión SIP. Recurso: RD-10-01 Sesión:  ON sip.TX_VHF_N1@10.20.184.106 Activa ',' '),(326936,'EMPL0101','CGW-10','SP-RADIO',2101,'2018-01-15 08:57:37',NULL,'Cambio sesión SIP. Recurso: RD-10-01 Sesión:  ON sip.RX_VHF_N1@10.20.184.102 Activa ',' '),(326937,'EMPL0101','CGW-10','MAN-L',193,'2018-01-15 08:57:44',NULL,'Resultado Bucle: RF Local Simple en  RD-10-01 : --------','1@SERVIDOR UG5K'),(326938,'EMPL0101','CGW-10','SP-RADIO',2101,'2018-01-15 08:57:51',NULL,'Cambio sesión SIP. Recurso: RD-10-01 Sesión:  ON sip.TX_VHF_N1@10.20.184.106 Idle ',' '),(326939,'EMPL0101','CGW-10','SP-RADIO',2101,'2018-01-15 08:57:52',NULL,'Cambio sesión SIP. Recurso: RD-10-01 Sesión:  ON sip.RX_VHF_N1@10.20.184.102 Idle ',' '),(326940,'EMPL0101','CGW-10','MAN-L',186,'2018-01-15 08:58:04',NULL,'Selección Modo:  NORMAL  en recurso  RD-10-01','1@SERVIDOR UG5K'),(326941,'EMPL0101','CGW-10','MAN-L',196,'2018-01-15 08:58:06',NULL,'Resultado  Modo:  NORMAL en recurso  RD-10-01','1@SERVIDOR UG5K'),(326942,'EMPL0101','CGW-10','SP-RADIO',2101,'2018-01-15 08:58:06',NULL,'Cambio sesión SIP. Recurso: RD-10-01 Sesión:  ON sip.TX_VHF_N1@10.20.184.106 Activa ',' '),(326943,'EMPL0102','CGW-20','SP-RADIO',2101,'2018-01-15 08:58:06',NULL,'Cambio sesión SIP. Recurso: RD-20-11 Sesión:  ON sip.RD-10-01@10.10.184.13 Activa ',' '),(326944,'EMPL0101','CGW-10','SP-RADIO',2101,'2018-01-15 08:58:07',NULL,'Cambio sesión SIP. Recurso: RD-10-01 Sesión:  ON sip.RX_VHF_N1@10.20.184.102 Activa ',' '),(326945,'EMPL0102','CGW-20','SP-RADIO',2101,'2018-01-15 08:58:08',NULL,'Cambio sesión SIP. Recurso: RD-20-10 Sesión:  ON sip.RD-10-01@10.10.184.13 Activa ',' '),(326946,'EMPL0101','CGW-10','SP-RADIO',2101,'2018-01-15 08:58:08',NULL,'Cambio sesión SIP. Recurso: RD-10-01 Sesión:  ON sip.RD-20-11@10.20.184.13.5060 Activa ',' '),(326947,'EMPL0101','CGW-10','SP-RADIO',2101,'2018-01-15 08:58:10',NULL,'Cambio sesión SIP. Recurso: RD-10-01 Sesión:  ON sip.RD-20-10@10.20.184.13.5060 Activa ',' '),(326948,'SERVIDOR UG5K','RCS2010 U5KGR','SEGURIDAD',49,'2018-01-15 08:58:22',NULL,'Fin sesion RCS2010 UG5KR  del usuario: 1@SERVIDOR UG5K','1@SERVIDOR UG5K');
/*!40000 ALTER TABLE `historicoincidencias` ENABLE KEYS */;
UNLOCK TABLES;

--
-- Table structure for table `incidencias`
--

DROP TABLE IF EXISTS `incidencias`;
/*!40101 SET @saved_cs_client     = @@character_set_client */;
/*!40101 SET character_set_client = utf8 */;
CREATE TABLE `incidencias` (
  `IdIncidencia` int(10) unsigned NOT NULL,
  `Incidencia` varchar(180) COLLATE latin1_spanish_ci NOT NULL,
  `Descripcion` varchar(180) COLLATE latin1_spanish_ci NOT NULL,
  `LineaEventos` tinyint(1) NOT NULL,
  `Grupo` varchar(20) COLLATE latin1_spanish_ci NOT NULL,
  `Error` tinyint(1) NOT NULL DEFAULT '0',
  `Nivel` int(2) NOT NULL DEFAULT '0',
  PRIMARY KEY (`IdIncidencia`)
) ENGINE=InnoDB DEFAULT CHARSET=latin1 COLLATE=latin1_spanish_ci;
/*!40101 SET character_set_client = @saved_cs_client */;

--
-- Dumping data for table `incidencias`
--

LOCK TABLES `incidencias` WRITE;
/*!40000 ALTER TABLE `incidencias` DISABLE KEYS */;
INSERT INTO `incidencias` VALUES (47,'Inicio sesión RCS2010 UG5KR','Inicio sesión RCS2010 UG5KR  del usuario: {0}',0,'SEGURIDAD',0,0),(48,'Recahazada sesión RCS2010 UG5KR','Rechazada sesión RCS2010 UG5KR  al usuario: {0}',0,'SEGURIDAD',0,0),(49,'Fin sesion RCS2010 UG5KR','Fin sesion RCS2010 UG5KR  del usuario: {0}',0,'SEGURIDAD',0,0),(50,'Inicio sesión Configuración Centralizada','Inicio sesión Configuración Centralizada  del usuario',1,'SEGURIDAD',0,1),(51,'Rechazado  sesión Configuración Centralizada','Rechazada sesión Configuración Centralizada  del usuario ',1,'SEGURIDAD',0,2),(52,'Alta Usuario','Alta Usuario',0,'SEGURIDAD',0,0),(53,'Borrado Usuario','Borrado Usuario ',0,'SEGURIDAD',0,0),(54,'Modificado Usuario','Modificado Usuario',0,'SEGURIDAD',0,0),(55,'Fin sesion  Configuración Centralizada ','Fin sesion  Configuración Centralizada  del usuario ',1,'SEGURIDAD',0,1),(105,'Carga de Configuración Remota','Carga de Configuración Remota',0,'CONF-R',0,0),(106,'Error Carga Configuración Remota','Error Carga Configuración Remota',0,'CONF-R',0,0),(107,'Alta de Pasarela','Alta de Pasarela',0,'CONF-R',0,0),(108,'Baja de Pasarela','Baja de Pasarela',0,'CONF-R',0,0),(109,'Modificación de Parámetros Generales de Pasarela','Modificación de Parámetros Generales de Pasarela',0,'CONF-R',0,0),(110,'Modificación Rutas ATS','Modificación Rutas ATS',0,'CONF-R',0,0),(113,'Alta de Recurso','Alta de Recurso',0,'CONF-R',0,0),(114,'Baja de Recurso','Baja de Recurso',0,'CONF-R',0,0),(115,'Modificación de Parámetros de Recurso','Modificación de Parámetros de Recurso',0,'CONF-R',0,0),(116,'Modificación de Parámetros Lógicos de  Recurso','Modificación de Parámetros Lógicos de  Recurso',0,'CONF-R',0,0),(117,'Baja de Tabla de Calificación de Audio','Baja de Tabla de Calificación de Audio',0,'CONF-R',0,0),(118,'Alta de Tabla de Calificación de Audio','Alta de Tabla de Calificación de Audio',0,'CONF-R',0,0),(150,'Modificación de Parámetros Generales de Pasarela.','Modificación Parámetro en: {0}. {1}',0,'CONF-L',0,0),(153,'Modificación de Parámetros Lógico de Recurso','Modificación SW en Recurso: {0}. {1}. {2}',0,'CONF-L',0,0),(154,'Generación de Configuración por Defecto.','Generación de Configuración por Defecto: {0}. {1}',0,'CONF-L',0,0),(155,'Activación de Configuración por Defecto.','Activación de Configuración por Defecto: {0}. {1}',0,'CONF-L',0,0),(156,'Borrado de Configuración por Defecto','Borrado de Configuración por Defecto: {0}. {1}',0,'CONF-L',0,0),(157,'Alta Recurso Radio','Recurso Radio  Añadido: {0}. {1}. {2}',0,'CONF-L',0,0),(158,'Baja Recurso Radio','Recurso Radio Eliminado: {0}. {1}. {2}',0,'CONF-L',0,0),(159,'Alta Recurso Telefonía','Recurso Telefónico Añadido: {0}. {1}. {2}',0,'CONF-L',0,0),(160,'Baja Recurso Telefonía','Recurso Telefónico  Eliminado: {0} . {1} . {2}',0,'CONF-L',0,0),(161,'Conflicto de configuraciones','Conflicto de Configuración en GW: {0}. {1}. {2}',0,'CONF-L',0,0),(180,'Carga versión Software Pasarela','Carga de Versión Software Pasarela: {0} {1}',0,'MAN-L',0,0),(182,'Reset Remoto','Reset Remoto: {0}',0,'MAN-L',0,0),(183,'Selección Bucle Prueba','Selección Bucle: {0} {1}  en {2}.',0,'MAN-L',0,0),(184,'Comando Bite','Selección  BITE: {0}',0,'MAN-L',0,0),(185,'Conmutacion P/R','Selección Conmutación P/R: {0}',0,'MAN-L',0,0),(186,'Selección Modo','Selección Modo: {0}',0,'MAN-L',0,0),(187,'Resultado Comando Bite','Resultado  BITE: {0} : {1}',0,'MAN-L',0,0),(193,'Resultado  bucle prueba','Resultado Bucle: {0} en {1} : {2}',0,'MAN-L',0,0),(195,'Resultado Conmutacion P/R','Resultado  Conmutación P/R: {0} {1}',0,'MAN-L',0,0),(196,'Resultado  Modo','Resultado  Modo: {0}',0,'MAN-L',0,0),(201,'Arranque APP RCS2010','Arranque APP RCS2010 UG5KR en puesto: {0}',1,'SP-GEN',0,1),(202,'Cierre Aplicacion APP RCS2010','Cierre Aplicacion APP RCS2010 UG5KR  en puesto: {0}',1,'SP-GEN',0,1),(2000,'Cambio estado Pasarela','Cambio estado pasarela: {0}',1,'SP-PASARELA',0,2),(2003,'Cambio Estado LAN','Cambio Estado LANs. CGW: {0} : LAN1 {1}  : LAN2 {2}',1,'SP-PASARELA',0,2),(2005,'Cambio Estado CPU','Cambio Estado CPUs. CGW: {0} : CPU Local {1}  : CPU Dual {2}',1,'SP-PASARELA',0,2),(2007,'Conexión Recurso Radio','Conexión Recurso Radio: {0}',1,'SP-PASARELA',0,0),(2008,'Desconexión Recurso Radio','Desconexión Recurso Radio: {0}',1,'SP-PASARELA',1,1),(2009,'Conexión Recurso Telefonía','Conexión Recurso Telefonía: {0}',1,'SP-PASARELA',0,0),(2010,'Desconexión Recurso Telefonía','Desconexión Recurso Telefonía: {0}',1,'SP-PASARELA',1,1),(2011,'Conexión Tarjeta Interfaz (esclava-tipo)','Conexión Tarjeta Interfaz. Número: {0}: Tipo: {1}',1,'SP-PASARELA',0,0),(2012,'Desconexión Tarjeta Interfaz (esclava-tipo)','Desconexión Tarjeta Interfaz. Número: {0}: Tipo: {1}',1,'SP-PASARELA',1,1),(2013,'Conexión Recurso R2','Conexión Recurso R2: {0}',1,'SP-PASARELA',0,0),(2014,'Desconexión Recurso R2.','Desconexión Recurso R2: {0}',1,'SP-PASARELA',1,1),(2015,'Conexión Recurso N5','Conexión Recurso N5: {0}',1,'SP-PASARELA',0,0),(2016,'Desconexión Recurso N5','Desconexión Recurso N5: {0}',1,'SP-PASARELA',1,1),(2017,'Conexión Recurso QSIG','Conexión Recurso QSIG: {0}',1,'SP-PASARELA',0,0),(2018,'Desconexión Recurso  QSIG','Desconexión Recurso QSIG: {0}',1,'SP-PASARELA',1,1),(2019,'Conexión Recurso LCEN','Conexión Recurso LCEN: {0}',1,'SP-PASARELA',0,0),(2020,'Desconexión Recurso  LCEN','Desconexión Recurso  LCEN: {0}',1,'SP-PASARELA',1,1),(2021,'Servicio NTP Conectado','Servicio NTP Conectado',1,'SP-PASARELA',0,0),(2022,'Servicio NTP Desconectado','Servicio NTP Desconectado',1,'SP-PASARELA',1,2),(2027,'Cambio estado Sincro BD.','Cambio estado Sincro BD: {0}',1,'SP-PASARELA',0,2),(2101,'Caída/establecimiento sesión SIP','Cambio sesión SIP. Recurso: {0} Sesión:  {1} {2} {3} ',0,'SP-RADIO',0,0),(2102,'Cambio PTT','Cambio estado PTT. Recurso: {0} Estado: {1}',0,'SP-RADIO',0,0),(2103,'Cambio SQU','Cambio estado SQU. Recurso: {0} Estado: {1}',0,'SP-RADIO',0,0),(2200,'Error Protocolo LCEN','Error Protocolo LCEN. Recurso: {0}',0,'SP-TELEFONIA',1,0),(2202,'Fallo test LCEN VoIP (mensaje Options)','Fallo test LCEN VoIP. Recurso: {0}',1,'SP-TELEFONIA',1,1),(2203,'Error Protocolo R2','Error Protocolo R2. Recurso: {0}.',1,'SP-TELEFONIA',1,1),(2204,'Fallo llamada de test R2 SCV','Fallo llamada de test R2 SCV. Recurso: {0}',1,'SP-TELEFONIA',1,1),(2205,'Fallo llamada de test R2 VoIP (mensaje Options)','Fallo llamada de test R2 VoIP. Recurso: {0}',1,'SP-TELEFONIA',1,1),(2206,'Error Protocolo N5','Error Protocolo N5. Recurso: {0}.',1,'SP-TELEFONIA',1,1),(2207,'Fallo llamada de test N5 SCV','Fallo llamada de test N5 SCV. Recurso: {0}',1,'SP-TELEFONIA',1,1),(2208,'Fallo llamada de test N5 VoIP (mensaje Options)','Fallo llamada de test N5 VoIP. Recurso: {0}',1,'SP-TELEFONIA',1,1);
/*!40000 ALTER TABLE `incidencias` ENABLE KEYS */;
UNLOCK TABLES;

--
-- Temporary view structure for view `info_cgw`
--

DROP TABLE IF EXISTS `info_cgw`;
/*!50001 DROP VIEW IF EXISTS `info_cgw`*/;
SET @saved_cs_client     = @@character_set_client;
SET character_set_client = utf8;
/*!50001 CREATE VIEW `info_cgw` AS SELECT 
 1 AS `name`,
 1 AS `dual_cpu`,
 1 AS `emplazamiento`,
 1 AS `num_cpu`,
 1 AS `virtual_ip`,
 1 AS `dual_lan`,
 1 AS `ip_eth0`,
 1 AS `ip_eth1`,
 1 AS `bound_ip`,
 1 AS `gateway_ip`*/;
SET character_set_client = @saved_cs_client;

--
-- Table structure for table `lista_ips`
--

DROP TABLE IF EXISTS `lista_ips`;
/*!40101 SET @saved_cs_client     = @@character_set_client */;
/*!40101 SET character_set_client = utf8 */;
CREATE TABLE `lista_ips` (
  `idlista_ips` int(11) NOT NULL AUTO_INCREMENT COMMENT 'Campo Clave. Representa una lista de ips que se introducen como diversos parámetros para pasarelas, servicios, etc.',
  `pasarela_id` int(11) NOT NULL COMMENT 'Clave externa a pasarela',
  `ip` varchar(25) COLLATE latin1_spanish_ci NOT NULL COMMENT 'Valor de la dirección ip. En el caso de los Traps se almacena la versión seguido de una coma, la ip, una barra y el puerto.',
  `tipo` varchar(5) COLLATE latin1_spanish_ci NOT NULL COMMENT 'Tipo de IP: PROXY: PROXY, RGTRS: REGISTRAR, NTP: SERVIDOR NTP, TRPV1: IP PARA TRAPS V1, TRPV2: IP PARA TRAPS V2',
  `selected` tinyint(1) DEFAULT '0' COMMENT 'Indica si se encuentra seleccionado ese valor',
  PRIMARY KEY (`idlista_ips`),
  KEY `fk_pasarela_lista_ips_idx` (`pasarela_id`),
  CONSTRAINT `fk_pasarela_lista_ips` FOREIGN KEY (`pasarela_id`) REFERENCES `pasarelas` (`idpasarela`) ON DELETE CASCADE ON UPDATE NO ACTION
) ENGINE=InnoDB AUTO_INCREMENT=1115 DEFAULT CHARSET=latin1 COLLATE=latin1_spanish_ci;
/*!40101 SET character_set_client = @saved_cs_client */;

--
-- Dumping data for table `lista_ips`
--

LOCK TABLES `lista_ips` WRITE;
/*!40000 ALTER TABLE `lista_ips` DISABLE KEYS */;
INSERT INTO `lista_ips` VALUES (1030,130,'2,10.10.184.46/162','TRPV2',0),(1031,131,'2,10.10.184.46/162','TRPV2',0),(1032,132,'2,10.10.184.46/162','TRPV2',0),(1036,129,'2,10.10.184.46/162','TRPV2',0),(1039,136,'2,10.10.184.46/162','TRPV2',0),(1043,137,'2,10.10.184.46/162','TRPV2',0),(1067,134,'2,10.10.184.46/162','TRPV2',0),(1073,135,'2,10.10.184.46/162','TRPV2',0),(1074,133,'2,10.10.184.46/162','TRPV2',0),(1075,138,'2,10.10.184.46/162','TRPV2',0),(1076,139,'2,10.10.184.46/162','TRPV2',0),(1077,140,'2,10.10.184.46/162','TRPV2',0),(1078,141,'2,10.10.184.46/162','TRPV2',0),(1079,142,'2,10.10.184.46/162','TRPV2',0),(1083,146,'2,10.10.184.46/162','TRPV2',0),(1086,148,'2,10.10.184.46/162','TRPV2',0),(1095,147,'2,10.10.184.46/162','TRPV2',0),(1103,143,'2,10.10.184.46/162','TRPV2',0),(1105,155,'2,10.10.184.46/162','TRPV2',0),(1106,156,'2,10.10.184.46/162','TRPV2',0),(1107,157,'2,10.10.184.46/162','TRPV2',0),(1108,158,'2,10.10.184.46/162','TRPV2',0),(1109,159,'2,10.10.184.46/162','TRPV2',0),(1110,160,'2,10.10.184.46/162','TRPV2',0),(1111,161,'2,10.10.184.46/162','TRPV2',0),(1112,144,'2,10.10.184.46/162','TRPV2',0),(1113,154,'2,10.10.184.46/162','TRPV2',0),(1114,145,'2,10.10.184.46/162','TRPV2',0);
/*!40000 ALTER TABLE `lista_ips` ENABLE KEYS */;
UNLOCK TABLES;

--
-- Table structure for table `lista_uris`
--

DROP TABLE IF EXISTS `lista_uris`;
/*!40101 SET @saved_cs_client     = @@character_set_client */;
/*!40101 SET character_set_client = utf8 */;
CREATE TABLE `lista_uris` (
  `idlista_uris` int(11) NOT NULL AUTO_INCREMENT COMMENT 'Clave Primaria. Representa una lista de uris que se introducen como diversos parámetros para pasarelas, servicios, etc. Solo para recursos radio.',
  `recurso_radio_id` int(11) NOT NULL COMMENT 'Clave externa a recurso.',
  `uri` varchar(45) COLLATE latin1_spanish_ci NOT NULL COMMENT 'Valor de la dirección ip. Puede ser usuario@ip:puerto',
  `tipo` varchar(3) COLLATE latin1_spanish_ci NOT NULL COMMENT 'Tipo de URI: TXA: TRANSMISION A, TXB: TRANSMISION B, RXA: RECEPCION A, RXB: RECEPCION B, LSB: LISTA BLANCA, LSN: LISTA NEGRA, TEL: TELEFONIA.',
  `nivel_colateral` int(1) NOT NULL DEFAULT '0' COMMENT 'Es el nivel de relación que va a existir entre las uris. Va desde 1 a 6. \n1: Emplazamiento1 TXA - RXA\n2: Emplazamiento1 TXB - RXB\n3: Emplazamiento2 TXA - RXA\n4: Emplazamiento2 TXB - RXB\n5: Emplazamiento3 TXA - RXA\n6: Emplazamiento3 TXB - RXB',
  PRIMARY KEY (`idlista_uris`),
  KEY `fk_recurso_radio_uri` (`recurso_radio_id`),
  CONSTRAINT `fk_recurso_radio_uri` FOREIGN KEY (`recurso_radio_id`) REFERENCES `recursos_radio` (`idrecurso_radio`) ON DELETE CASCADE ON UPDATE NO ACTION
) ENGINE=InnoDB AUTO_INCREMENT=1406 DEFAULT CHARSET=latin1 COLLATE=latin1_spanish_ci;
/*!40101 SET character_set_client = @saved_cs_client */;

--
-- Dumping data for table `lista_uris`
--

LOCK TABLES `lista_uris` WRITE;
/*!40000 ALTER TABLE `lista_uris` DISABLE KEYS */;
INSERT INTO `lista_uris` VALUES (256,260,'sip:rd-1@10.10.184.13','LSN',0),(260,262,'sip:REM_FRQ@10.10.184.32:5061','TXA',1),(261,262,'sip:REM_FRQ@10.10.184.32:5061','RXA',1),(262,262,'sip:rd-1@10.10.184.13','LSN',0),(263,265,'sip:RD-20-11@10.20.184.13:5060','TXA',5),(264,265,'sip:RD-20-11@10.20.184.13:5060','RXA',5),(265,265,'sip:rd-1@10.10.184.13','LSN',0),(297,264,'sip:TX_VHF_N1@10.20.184.106','TXA',1),(298,264,'sip:RX_VHF_N1@10.20.184.102','RXA',1),(311,255,'sip:RD-20-00@10.20.184.13','TXA',1),(312,255,'sip:RD-20-10@10.20.184.13','RXA',1),(313,255,'sip:TX_VHF_N1@10.20.184.106','TXA',3),(314,255,'sip:RX_VHF_N1@10.20.184.102','RXA',3),(315,255,'sip:TX_VHF_N2@10.20.184.4','TXA',5),(316,255,'sip:RX_VHF_N2@10.20.184.2','RXA',5),(428,256,'sip:TX_VHF_N1@10.20.184.106','TXA',1),(429,256,'sip:RX_VHF_N1@10.20.184.102','RXA',1),(430,256,'sip:RD-20-00@10.20.184.13:5060','TXB',4),(431,256,'sip:RD-20-10@10.20.184.13:5060','RXB',4),(442,272,'sip:TX_VHF_N1@10.20.184.106','TXA',1),(443,272,'sip:RX_VHF_N1@10.20.184.102','RXA',1),(444,273,'sip:RD-20-11@10.20.184.13:5060','TXA',5),(445,273,'sip:RD-20-11@10.20.184.13:5060','RXA',5),(446,273,'sip:rd-1@10.10.184.13','LSN',0),(465,285,'sip:rd-1@10.10.184.13','LSN',0),(466,287,'sip:REM_FRQ@10.10.184.32:5061','TXA',1),(467,287,'sip:REM_FRQ@10.10.184.32:5061','RXA',1),(468,287,'sip:rd-1@10.10.184.13','LSN',0),(761,290,'sip:RD-20-10@10.20.184.13','TXA',1),(762,290,'sip:RD-20-10@10.20.184.13','RXA',1),(763,290,'sip:rd-1@10.10.184.13','LSN',0),(830,295,'sip:TX_VHF_N1@10.20.184.106','TXA',1),(831,295,'sip:RX_VHF_N1@10.20.184.102','RXA',1),(832,296,'sip:RD-20-11@10.20.184.13:5060','TXA',5),(833,296,'sip:RD-20-11@10.20.184.13:5060','RXA',5),(834,296,'sip:rd-1@10.10.184.13','LSN',0),(835,299,'sip:rd-1@10.10.184.13','LSN',0),(836,301,'sip:REM_FRQ@10.10.184.32:5061','TXA',1),(837,301,'sip:REM_FRQ@10.10.184.32:5061','RXA',1),(838,301,'sip:r1234567890r1234567890r123456789@10.10.18','TXA',3),(839,301,'sip:r1234567890r1234567890r123456789@10.10.18','RXA',3),(840,301,'sip:rd-1@10.10.184.13','LSN',0),(841,305,'sip:rd-1@10.10.184.13','LSN',0),(842,307,'sip:REM_FRQ@10.10.184.32:5061','TXA',1),(843,307,'sip:REM_FRQ@10.10.184.32:5061','RXA',1),(844,307,'sip:rd-1@10.10.184.13','LSN',0),(845,269,'sip:RD-20-11@10.20.184.13:5060','TXA',1),(846,269,'sip:RD-20-10@10.20.184.13:5060','RXA',1),(847,269,'sip:TX_VHF_N1@10.20.184.106','TXB',2),(848,269,'sip:RX_VHF_N1@10.20.184.102','RXB',2),(849,269,'sip:RD-20-11@10.20.184.13:5060','TXA',3),(850,269,'sip:RD-20-01@10.20.184.13:5060','RXA',3),(851,269,'sip:TX_VHF_N1@10.20.184.106','TXA',5),(852,269,'sip:RD-20-30@10.20.184.13:5060','RXA',5),(886,270,'sip:RD-20-11@10.20.184.13:5060','TXA',1),(887,270,'sip:RD-20_32@10.20.184.13:5060','RXA',1),(888,270,'sip:RD-20-11@10.20.184.13:5060','TXB',2),(889,270,'sip:RD-20-10@10.20.184.13:5060','RXB',2),(890,270,'sip:RD-20-01@10.20.184.13:5060','RXA',3),(891,270,'sip:RD-20-00@10.20.184.13:5060','TXB',4),(892,270,'sip:RD-20-00@10.20.184.13:5060','RXB',4),(893,270,'sip:TX_VHF_N2@10.20.184.4','TXA',5),(894,270,'sip:RD-20-30@10.20.184.13:5060','RXA',5),(895,270,'sip:TX_VHF_N1@10.20.184.106','TXB',6),(896,270,'sip:RX_VHF_N1@10.20.184.102','RXB',6),(908,276,'sip:rd-1@10.10.184.13','LSN',0),(914,312,'sip:RD-20-11@10.20.184.13:5060','TXA',1),(915,312,'sip:RD-20-10@10.20.184.13:5060','RXA',1),(916,312,'sip:RD-20-11@10.20.184.13:5060','TXB',2),(917,312,'sip:RD-20-10@10.20.184.13:5060','RXB',2),(918,312,'sip:RD-20-01@10.20.184.13:5060','RXA',3),(919,312,'sip:RD-20-00@10.20.184.13:5060','TXB',4),(920,312,'sip:RD-20-00@10.20.184.13:5060','RXB',4),(921,312,'sip:TX_VHF_N2@10.20.184.4','TXA',5),(922,312,'sip:RD-20-30@10.20.184.13:5060','RXA',5),(923,312,'sip:TX_VHF_N1@10.20.184.106','TXB',6),(924,312,'sip:RX_VHF_N1@10.20.184.102','RXB',6),(925,278,'sip:REM_FRQ@10.10.184.32:5061','TXA',1),(926,278,'sip:REM_FRQ@10.10.184.32:5061','RXA',1),(927,278,'sip:r1234567890r1234567890r123456789@10.10.18','TXA',3),(928,278,'sip:r1234567890r1234567890r123456789@10.10.18','RXA',3),(972,327,'sip:rd-1@10.10.184.13','LSN',0),(973,329,'sip:REM_FRQ@10.10.184.32:5061','TXA',1),(974,329,'sip:REM_FRQ@10.10.184.32:5061','RXA',1),(975,329,'sip:rd-1@10.10.184.13','LSN',0),(1023,334,'sip:rd-1@10.10.184.13','LSN',0),(1024,336,'sip:rd-1@10.10.184.13','LSN',0),(1025,337,'sip:REM_FRQ@10.10.184.32:5061','TXA',1),(1026,337,'sip:REM_FRQ@10.10.184.32:5061','RXA',1),(1027,337,'sip:r1234567890r1234567890r123456789@10.10.18','TXA',3),(1028,337,'sip:r1234567890r1234567890r123456789@10.10.18','RXA',3),(1029,337,'sip:rd-1@10.10.184.13','LSN',0),(1030,338,'sip:RD-20-11@10.20.184.13:5060','TXA',1),(1031,338,'sip:RD-20-10@10.20.184.13:5060','RXA',1),(1032,338,'sip:RD-20-11@10.20.184.13:5060','TXB',2),(1033,338,'sip:RD-20-10@10.20.184.13:5060','RXB',2),(1034,338,'sip:RD-20-01@10.20.184.13:5060','RXA',3),(1035,338,'sip:RD-20-00@10.20.184.13:5060','TXB',4),(1036,338,'sip:RD-20-00@10.20.184.13:5060','RXB',4),(1037,338,'sip:TX_VHF_N2@10.20.184.4','TXA',5),(1038,338,'sip:RD-20-30@10.20.184.13:5060','RXA',5),(1039,338,'sip:TX_VHF_N1@10.20.184.106','TXB',6),(1040,338,'sip:RX_VHF_N1@10.20.184.102','RXB',6),(1041,338,'sip:rd-1@10.10.184.13','LSN',0),(1157,339,'sip:TX_VHF_N1@10.20.184.106','TXA',1),(1158,339,'sip:TX_VHF_N1@10.20.184.106','TXB',2),(1159,339,'sip:RX_VHF_N1@10.20.184.102','RXA',1),(1160,339,'sip:RX_VHF_N1@10.20.184.102','RXB',2),(1161,339,'sip:RD-20-11@10.20.184.13:5060','TXA',3),(1162,339,'sip:RD-20-01@10.20.184.13:5060','RXA',3),(1163,339,'sip:TX_VHF_N1@10.20.184.106','TXA',5),(1164,339,'sip:RD-40-11@10.40.184.13:5060','RXA',5),(1165,340,'sip:RD-20-11@10.20.184.13:5060','TXA',1),(1166,340,'sip:RD-20-11@10.20.184.13:5060','TXB',2),(1167,340,'sip:RD-20_32@10.20.184.13:5060','RXA',1),(1168,340,'sip:RD-20-10@10.20.184.13:5060','RXB',2),(1169,340,'sip:RD-20-00@10.20.184.13:5060','TXB',4),(1170,340,'sip:RD-20-01@10.20.184.13:5060','RXA',3),(1171,340,'sip:RD-20-00@10.20.184.13:5060','RXB',4),(1172,340,'sip:TX_VHF_N2@10.20.184.4','TXA',5),(1173,340,'sip:TX_VHF_N1@10.20.184.106','TXB',6),(1174,340,'sip:RD-20-30@10.20.184.13:5060','RXA',5),(1175,340,'sip:RX_VHF_N1@10.20.184.102','RXB',6),(1176,342,'sip:RD-20-10@10.20.184.13','TXA',1),(1177,342,'sip:RD-20-10@10.20.184.13','RXA',1),(1178,342,'sip:RD-20-20@10.20.184.13','TXA',3),(1179,342,'sip:RD-20-20@10.20.184.13','RXA',3),(1180,342,'sip:RD-40-11@10.40.184.13:5060','RXA',5),(1181,343,'sip:TX_VHF_N1@10.20.184.106','TXA',1),(1182,343,'sip:RX_VHF_N1@10.20.184.102','RXA',1),(1183,344,'sip:RD-20-11@10.20.184.13:5060','TXA',5),(1184,344,'sip:RD-20-11@10.20.184.13:5060','RXA',5),(1185,344,'sip:rd-1@10.10.184.13','LSN',0),(1186,346,'sip:rd-1@10.10.184.13','LSN',0),(1218,318,'sip:RD-20-11@10.20.184.13:5060','TXA',5),(1219,318,'sip:RD-20-11@10.20.184.13:5060','RXA',5),(1240,317,'sip:TX_VHF_N1@10.20.184.106','TXA',1),(1241,317,'sip:315052@10.10.184.52','RXA',1),(1286,350,'sip:RD-20-11@10.20.184.13:5060','TXA',1),(1287,350,'sip:RD-20_32@10.20.184.13:5060','RXA',1),(1288,350,'sip:RD-20-11@10.20.184.13:5060','TXB',2),(1289,350,'sip:RD-20-10@10.20.184.13:5060','RXB',2),(1290,350,'sip:RD-20-01@10.20.184.13:5060','RXA',3),(1291,350,'sip:RD-20-00@10.20.184.13:5060','TXB',4),(1292,350,'sip:RD-20-00@10.20.184.13:5060','RXB',4),(1293,350,'sip:TX_VHF_N2@10.20.184.4','TXA',5),(1294,350,'sip:RD-20-30@10.20.184.13:5060','RXA',5),(1295,350,'sip:TX_VHF_N1@10.20.184.106','TXB',6),(1296,350,'sip:RX_VHF_N1@10.20.184.102','RXB',6),(1301,347,'sip:RD-20-11@10.20.184.13:5060','TXA',1),(1302,347,'sip:RD-20-10@10.20.184.13:5060','RXA',1),(1303,347,'sip:TX_VHF_N1@10.20.184.106','TXA',3),(1304,347,'sip:RX_VHF_N1@10.20.184.102','RXA',3),(1305,347,'sip:TX_VHF_N2@10.20.184.4','TXA',5),(1306,347,'sip:RX_VHF_N2@10.20.184.2','RXA',5),(1307,353,'sip:RD-20-11@10.20.184.13:5060','TXA',1),(1308,353,'sip:RD-20-10@10.20.184.13:5060','RXA',1),(1309,353,'sip:TX_VHF_N1@10.20.184.106','TXA',3),(1310,353,'sip:RX_VHF_N1@10.20.184.102','RXA',3),(1311,353,'sip:TX_VHF_N2@10.20.184.4','TXA',5),(1312,353,'sip:RX_VHF_N2@10.20.184.2','RXA',5),(1313,354,'sip:TX_VHF_N1@10.20.184.106','TXA',1),(1314,354,'sip:315052@10.10.184.52','RXA',1),(1315,355,'sip:RD-20-11@10.20.184.13:5060','TXA',5),(1316,355,'sip:RD-20-11@10.20.184.13:5060','RXA',5),(1317,356,'sip:RD-20-11@10.20.184.13:5060','TXA',1),(1318,356,'sip:RD-20_32@10.20.184.13:5060','RXA',1),(1319,356,'sip:RD-20-11@10.20.184.13:5060','TXB',2),(1320,356,'sip:RD-20-10@10.20.184.13:5060','RXB',2),(1321,356,'sip:RD-20-01@10.20.184.13:5060','RXA',3),(1322,356,'sip:RD-20-00@10.20.184.13:5060','TXB',4),(1323,356,'sip:RD-20-00@10.20.184.13:5060','RXB',4),(1324,356,'sip:TX_VHF_N2@10.20.184.4','TXA',5),(1325,356,'sip:RD-20-30@10.20.184.13:5060','RXA',5),(1326,356,'sip:TX_VHF_N1@10.20.184.106','TXB',6),(1327,356,'sip:RX_VHF_N1@10.20.184.102','RXB',6),(1328,358,'sip:RD-20-11@10.20.184.13:5060','TXA',1),(1329,358,'sip:RD-20-10@10.20.184.13:5060','RXA',1),(1330,360,'sip:rd-1@10.10.184.13','LSN',0),(1331,363,'sip:rd-1@10.10.184.13','LSN',0),(1332,365,'sip:REM_FRQ@10.10.184.32:5061','TXA',1),(1333,365,'sip:REM_FRQ@10.10.184.32:5061','RXA',1),(1334,365,'sip:rd-1@10.10.184.13','LSN',0),(1335,367,'sip:rd-1@10.10.184.13','LSN',0),(1336,369,'sip:rd-1@10.10.184.13','LSN',0),(1337,370,'sip:REM_FRQ@10.10.184.32:5061','TXA',1),(1338,370,'sip:REM_FRQ@10.10.184.32:5061','RXA',1),(1339,370,'sip:r1234567890r1234567890r123456789@10.10.18','TXA',3),(1340,370,'sip:r1234567890r1234567890r123456789@10.10.18','RXA',3),(1341,370,'sip:rd-1@10.10.184.13','LSN',0),(1342,371,'sip:RD-20-11@10.20.184.13:5060','TXA',1),(1343,371,'sip:RD-20-10@10.20.184.13:5060','RXA',1),(1344,371,'sip:RD-20-11@10.20.184.13:5060','TXB',2),(1345,371,'sip:RD-20-10@10.20.184.13:5060','RXB',2),(1346,371,'sip:RD-20-01@10.20.184.13:5060','RXA',3),(1347,371,'sip:RD-20-00@10.20.184.13:5060','TXB',4),(1348,371,'sip:RD-20-00@10.20.184.13:5060','RXB',4),(1349,371,'sip:TX_VHF_N2@10.20.184.4','TXA',5),(1350,371,'sip:RD-20-30@10.20.184.13:5060','RXA',5),(1351,371,'sip:TX_VHF_N1@10.20.184.106','TXB',6),(1352,371,'sip:RX_VHF_N1@10.20.184.102','RXB',6),(1353,371,'sip:rd-1@10.10.184.13','LSN',0),(1400,352,'sip:RD-20-11@10.20.184.13:5060','TXA',1),(1401,352,'sip:RD-20-10@10.20.184.13:5060','RXA',1),(1402,352,'sip:TX_VHF_N2@10.20.184.4','TXA',3),(1403,352,'sip:RX_VHF_N2@10.20.184.2','RXA',3),(1404,352,'sip:TX_VHF_N1@10.20.184.106','TXA',5),(1405,352,'sip:RX_VHF_N1@10.20.184.102','RXA',5);
/*!40000 ALTER TABLE `lista_uris` ENABLE KEYS */;
UNLOCK TABLES;
/*!50003 SET @saved_cs_client      = @@character_set_client */ ;
/*!50003 SET @saved_cs_results     = @@character_set_results */ ;
/*!50003 SET @saved_col_connection = @@collation_connection */ ;
/*!50003 SET character_set_client  = utf8 */ ;
/*!50003 SET character_set_results = utf8 */ ;
/*!50003 SET collation_connection  = utf8_general_ci */ ;
/*!50003 SET @saved_sql_mode       = @@sql_mode */ ;
/*!50003 SET sql_mode              = 'ONLY_FULL_GROUP_BY,STRICT_TRANS_TABLES,NO_ZERO_IN_DATE,NO_ZERO_DATE,ERROR_FOR_DIVISION_BY_ZERO,NO_AUTO_CREATE_USER,NO_ENGINE_SUBSTITUTION' */ ;
DELIMITER ;;
/*!50003 CREATE*/ /*!50017 DEFINER=`root`@`localhost`*/ /*!50003 TRIGGER `ug5kv2`.`lista_uris_BEFORE_INSERT` BEFORE INSERT ON `lista_uris` FOR EACH ROW
BEGIN
	IF (NEW.uri NOT LIKE 'sip:%') THEN
		set NEW.uri = CONCAT('sip:', NEW.uri);
	END IF;
END */;;
DELIMITER ;
/*!50003 SET sql_mode              = @saved_sql_mode */ ;
/*!50003 SET character_set_client  = @saved_cs_client */ ;
/*!50003 SET character_set_results = @saved_cs_results */ ;
/*!50003 SET collation_connection  = @saved_col_connection */ ;

--
-- Table structure for table `operadores`
--

DROP TABLE IF EXISTS `operadores`;
/*!40101 SET @saved_cs_client     = @@character_set_client */;
/*!40101 SET character_set_client = utf8 */;
CREATE TABLE `operadores` (
  `idOPERADORES` int(11) NOT NULL AUTO_INCREMENT COMMENT 'Clave Primaria. Tabla que almacena los usuarios de la web así como los del resto de aplicaciones y de las pasarelas.',
  `name` varchar(32) COLLATE latin1_spanish_ci NOT NULL COMMENT 'Nombre de usuario.',
  `clave` varchar(45) COLLATE latin1_spanish_ci NOT NULL COMMENT 'Password encriptado del usuario.',
  `perfil` int(1) unsigned NOT NULL COMMENT 'Máscara de bits para asignar los distintos roles de usuario.',
  PRIMARY KEY (`idOPERADORES`),
  UNIQUE KEY `name_UNIQUE` (`name`)
) ENGINE=InnoDB AUTO_INCREMENT=6 DEFAULT CHARSET=latin1 COLLATE=latin1_spanish_ci;
/*!40101 SET character_set_client = @saved_cs_client */;

--
-- Dumping data for table `operadores`
--

LOCK TABLES `operadores` WRITE;
/*!40000 ALTER TABLE `operadores` DISABLE KEYS */;
INSERT INTO `operadores` VALUES (1,'root','MQ==',64),(2,'1','MQ==',64),(3,'SW_UPD','MQ==',8192),(4,'RCS','MQ==',8),(5,'2','Mg==',49115);
/*!40000 ALTER TABLE `operadores` ENABLE KEYS */;
UNLOCK TABLES;

--
-- Table structure for table `pasarela_operadores`
--

DROP TABLE IF EXISTS `pasarela_operadores`;
/*!40101 SET @saved_cs_client     = @@character_set_client */;
/*!40101 SET character_set_client = utf8 */;
CREATE TABLE `pasarela_operadores` (
  `idpasarela_operadores` int(11) NOT NULL AUTO_INCREMENT COMMENT 'Clave primaria. Relación entre pasarelas y operadores.',
  `pasarela_id` int(11) NOT NULL COMMENT 'Clave externa a pasarela.',
  `operadores_id` int(11) NOT NULL COMMENT 'Clave externa a operadores.',
  PRIMARY KEY (`idpasarela_operadores`),
  KEY `fk_pasarela_pasarela_operadores_idx` (`pasarela_id`),
  KEY `fk_operadores_pasarela_operadores_idx` (`operadores_id`),
  CONSTRAINT `fk_operadores_pasarela_operadores` FOREIGN KEY (`operadores_id`) REFERENCES `operadores` (`idOPERADORES`) ON DELETE CASCADE ON UPDATE NO ACTION,
  CONSTRAINT `fk_pasarela_pasarela_operadores` FOREIGN KEY (`pasarela_id`) REFERENCES `pasarelas` (`idpasarela`) ON DELETE CASCADE ON UPDATE NO ACTION
) ENGINE=InnoDB DEFAULT CHARSET=latin1 COLLATE=latin1_spanish_ci;
/*!40101 SET character_set_client = @saved_cs_client */;

--
-- Dumping data for table `pasarela_operadores`
--

LOCK TABLES `pasarela_operadores` WRITE;
/*!40000 ALTER TABLE `pasarela_operadores` DISABLE KEYS */;
/*!40000 ALTER TABLE `pasarela_operadores` ENABLE KEYS */;
UNLOCK TABLES;

--
-- Table structure for table `pasarelas`
--

DROP TABLE IF EXISTS `pasarelas`;
/*!40101 SET @saved_cs_client     = @@character_set_client */;
/*!40101 SET character_set_client = utf8 */;
CREATE TABLE `pasarelas` (
  `idpasarela` int(11) NOT NULL AUTO_INCREMENT COMMENT 'Clave Primaria. Representa la unidad fundamental de la pasarela. Lleva con atributos todos los datos a sus servicios así como referencias a recursos hardware asociados.',
  `emplazamiento_id` int(11) NOT NULL COMMENT 'Clave externa a la tabla emplazamiento.',
  `nombre` varchar(64) COLLATE latin1_spanish_ci NOT NULL COMMENT 'Nombre de la pasarela.',
  `ip_virtual` varchar(15) COLLATE latin1_spanish_ci NOT NULL COMMENT 'Dirección ip virtual que se le asigna a la pasarela.',
  `ultima_actualizacion` datetime DEFAULT NULL COMMENT 'Fecha en la que se ha cargado la última actualización a la pasarela.',
  `ip_cpu0` varchar(15) COLLATE latin1_spanish_ci NOT NULL COMMENT 'Dirección ip de la cpu 0.',
  `ip_gtw0` varchar(15) COLLATE latin1_spanish_ci NOT NULL COMMENT 'Dirección ip de la puerta de enlace para la cpu0.',
  `mask_cpu0` varchar(15) COLLATE latin1_spanish_ci NOT NULL COMMENT 'Máscara de red para la cpu0.',
  `ip_cpu1` varchar(15) COLLATE latin1_spanish_ci DEFAULT NULL COMMENT 'Dirección ip de la cpu 1.',
  `ip_gtw1` varchar(15) COLLATE latin1_spanish_ci DEFAULT NULL COMMENT 'Dirección ip de la puerta de enlace para la cpu1.',
  `mask_cpu1` varchar(15) COLLATE latin1_spanish_ci DEFAULT NULL COMMENT 'Máscara de red para la cpu0.',
  `puerto_sip` int(5) DEFAULT '5060' COMMENT 'Valor del puerto para el campo SIP',
  `periodo_supervision` int(6) NOT NULL DEFAULT '90' COMMENT 'Tiempo en segundos para el valor supervisión. Entre 90 y 1800.',
  `puerto_servicio_snmp` int(5) DEFAULT '65000' COMMENT 'Valor del puerto para el servicio snmp.',
  `puerto_snmp` int(5) DEFAULT '161' COMMENT 'Valor del puerto para el snmp.',
  `snmpv2` tinyint(1) NOT NULL DEFAULT '0' COMMENT 'Indica si usa snmp versión 2. (1) Verdadero, (0) Falso.',
  `comunidad_snmp` varchar(45) COLLATE latin1_spanish_ci NOT NULL DEFAULT 'public' COMMENT 'Comunidad SNMP V2. Por defecto public',
  `nombre_snmp` varchar(45) COLLATE latin1_spanish_ci NOT NULL DEFAULT 'ULISESG5000i' COMMENT 'Nombre del servicio snmp.',
  `localizacion_snmp` varchar(45) COLLATE latin1_spanish_ci NOT NULL DEFAULT 'NUCLEO-DF LABS' COMMENT 'Localización del servicio snmp.',
  `contacto_snmp` varchar(45) COLLATE latin1_spanish_ci NOT NULL DEFAULT 'NUCLEO-DF DT. MADRID. SPAIN' COMMENT 'Dirección de contacto del servicio snmp.',
  `puerto_servicio_web` int(5) DEFAULT NULL COMMENT 'Valor del puerto para el servicio web.',
  `tiempo_sesion` int(6) NOT NULL DEFAULT '0' COMMENT 'Tiempo en segundos de la sesión.',
  `puerto_rtsp` int(5) DEFAULT NULL COMMENT 'Valor para el puerto rtsp.',
  `servidor_rtsp` varchar(45) COLLATE latin1_spanish_ci DEFAULT NULL COMMENT 'Dirección del servidor rtsp.',
  `servidor_rtspb` varchar(45) COLLATE latin1_spanish_ci DEFAULT NULL COMMENT 'Dirección del servidor rtsp 2 o B',
  `pendiente_actualizar` tinyint(1) NOT NULL DEFAULT '0' COMMENT 'Indica si está pendiente de aplicar cambios (1) o no (0) para poder actualizar la fecha ultima_actualizacion que se manda a la pasarela física',
  PRIMARY KEY (`idpasarela`),
  KEY `fk_emp_pasarela_idx` (`emplazamiento_id`),
  CONSTRAINT `fk_emp_pasarela` FOREIGN KEY (`emplazamiento_id`) REFERENCES `emplazamientos` (`idemplazamiento`) ON DELETE CASCADE ON UPDATE NO ACTION
) ENGINE=InnoDB AUTO_INCREMENT=162 DEFAULT CHARSET=latin1 COLLATE=latin1_spanish_ci;
/*!40101 SET character_set_client = @saved_cs_client */;

--
-- Dumping data for table `pasarelas`
--

LOCK TABLES `pasarelas` WRITE;
/*!40000 ALTER TABLE `pasarelas` DISABLE KEYS */;
INSERT INTO `pasarelas` VALUES (129,27,'CGW-10','10.10.184.13','2018-01-09 17:05:33','10.10.184.11','10.10.184.100','255.255.255.0','10.10.184.12','10.10.184.100','255.255.255.0',5060,90,65000,161,1,'public','ULISESG5000i','NUCLEO-DF LABS','NUCLEO-DF DT. MADRID. SPAIN',8080,0,554,'','',0),(130,27,'CGW-30','10.10.184.16','2018-01-09 17:05:33','10.10.184.14','10.10.184.100','255.255.255.0','10.10.184.15','10.10.184.100','255.255.255.0',5060,90,65000,161,1,'public','ULISESG5000i','NUCLEO-DF LABS','NUCLEO-DF DT. MADRID. SPAIN',8080,0,554,'','',0),(131,28,'CGW-20','10.20.184.13','2018-01-09 17:05:33','10.20.184.11','10.20.184.100','255.255.255.0','10.20.184.12','10.20.184.100','255.255.255.0',5060,90,65000,161,1,'public','ULISESG5000i','NUCLEO-DF LABS','NUCLEO-DF DT. MADRID. SPAIN',8080,0,554,'10.10.184.10','',0),(132,40,'CGW-40','10.40.184.13','2018-01-09 17:05:33','10.40.184.11','10.40.184.100','255.255.0.0','10.40.184.12','10.40.184.100','255.255.255.0',5060,90,65000,161,1,'public','ULISESG5000i','NUCLEO-DF LABS','NUCLEO-DF DT. MADRID. SPAIN',8080,0,554,'','',0),(133,41,'CGW-10','10.10.184.13','2018-01-10 09:19:58','10.10.184.11','10.10.184.100','255.255.255.0','10.10.184.12','10.10.184.100','255.255.255.0',5060,90,65000,161,1,'public','ULISESG5000i','NUCLEO-DF LABS','NUCLEO-DF DT. MADRID. SPAIN',8080,0,554,'','',0),(134,41,'CGW-30','10.10.184.16','2018-01-10 09:19:58','10.10.184.14','10.10.184.100','255.255.255.0','10.10.184.15','10.10.184.100','255.255.255.0',5060,90,65000,161,1,'public','ULISESG5000i','NUCLEO-DF LABS','NUCLEO-DF DT. MADRID. SPAIN',8080,0,554,'','',0),(135,42,'CGW-20','10.20.184.13','2018-01-10 09:19:58','10.20.184.11','10.20.184.100','255.255.255.0','10.20.184.12','10.20.184.100','255.255.255.0',5060,90,65000,161,1,'public','ULISESG5000i','NUCLEO-DF LABS','NUCLEO-DF DT. MADRID. SPAIN',8080,0,554,'10.10.184.10','',0),(136,43,'CGW-40','10.40.184.13','2018-01-10 09:19:58','10.40.184.11','10.40.184.100','255.255.0.0','10.40.184.12','10.40.184.100','255.255.255.0',5060,90,65000,161,1,'public','ULISESG5000i','NUCLEO-DF LABS','NUCLEO-DF DT. MADRID. SPAIN',8080,0,554,'','',0),(137,42,'CGW-20B','10.10.184.23','2018-01-10 09:19:58','10.10.184.21','10.20.184.100','255.255.255.0','10.10.184.22','10.20.184.100','255.255.255.0',5060,90,65000,161,1,'public','ULISESG5000i','NUCLEO-DF LABS','NUCLEO-DF DT. MADRID. SPAIN',8080,0,554,'10.10.184.10','',0),(138,44,'CGW-10','10.10.184.13','2018-01-12 11:30:01','10.10.184.11','10.10.184.100','255.255.255.0','10.10.184.12','10.10.184.100','255.255.255.0',5060,90,65000,161,1,'public','ULISESG5000i','NUCLEO-DF LABS','NUCLEO-DF DT. MADRID. SPAIN',8080,0,554,'','',0),(139,44,'CGW-30','10.10.184.16','2018-01-12 11:30:01','10.10.184.14','10.10.184.100','255.255.255.0','10.10.184.15','10.10.184.100','255.255.255.0',5060,90,65000,161,1,'public','ULISESG5000i','NUCLEO-DF LABS','NUCLEO-DF DT. MADRID. SPAIN',8080,0,554,'','',0),(140,45,'CGW-20','10.20.184.13','2018-01-12 11:30:01','10.20.184.11','10.20.184.100','255.255.255.0','10.20.184.12','10.20.184.100','255.255.255.0',5060,90,65000,161,1,'public','ULISESG5000i','NUCLEO-DF LABS','NUCLEO-DF DT. MADRID. SPAIN',8080,0,554,'10.10.184.10','',0),(141,45,'CGW-20B','10.10.184.23','2018-01-12 11:30:01','10.10.184.21','10.20.184.100','255.255.255.0','10.10.184.22','10.20.184.100','255.255.255.0',5060,90,65000,161,1,'public','ULISESG5000i','NUCLEO-DF LABS','NUCLEO-DF DT. MADRID. SPAIN',8080,0,554,'10.10.184.10','',0),(142,46,'CGW-40','10.40.184.13','2018-01-12 11:30:01','10.40.184.11','10.40.184.100','255.255.0.0','10.40.184.12','10.40.184.100','255.255.255.0',5060,90,65000,161,1,'public','ULISESG5000i','NUCLEO-DF LABS','NUCLEO-DF DT. MADRID. SPAIN',8080,0,554,'','',0),(143,47,'CGW-10A','10.10.184.33','2018-01-15 08:54:31','10.10.184.31','10.10.184.100','255.255.255.0','10.10.184.32','10.10.184.100','255.255.255.0',5060,90,65000,161,1,'public','ULISESG5000i','NUCLEO-DF LABS','NUCLEO-DF DT. MADRID. SPAIN',8080,0,554,'','',0),(144,47,'CGW-30','10.10.184.16','2018-01-15 08:54:31','10.10.184.14','10.10.184.100','255.255.255.0','10.10.184.15','10.10.184.100','255.255.255.0',5060,90,65000,161,1,'public','ULISESG5000i','NUCLEO-DF LABS','NUCLEO-DF DT. MADRID. SPAIN',8080,0,554,'','',0),(145,48,'CGW-20','10.20.184.13','2018-01-15 08:54:31','10.20.184.11','10.20.184.100','255.255.255.0','10.20.184.12','10.20.184.100','255.255.255.0',5060,90,65000,161,1,'public','ULISESG5000i','NUCLEO-DF LABS','NUCLEO-DF DT. MADRID. SPAIN',8080,0,554,'10.10.184.10','',0),(146,48,'CGW-20B','10.10.184.23','2018-01-15 08:54:31','10.10.184.21','10.20.184.100','255.255.255.0','10.10.184.22','10.20.184.100','255.255.255.0',5060,90,65000,161,1,'public','ULISESG5000i','NUCLEO-DF LABS','NUCLEO-DF DT. MADRID. SPAIN',8080,0,554,'10.10.184.10','',0),(147,49,'CGW-40','10.40.184.13','2018-01-15 08:54:31','10.40.184.11','10.40.184.100','255.255.0.0','10.40.184.12','10.40.184.100','255.255.255.0',5060,90,65000,161,1,'public','ULISESG5000i','NUCLEO-DF LABS','NUCLEO-DF DT. MADRID. SPAIN',8080,0,554,'','',0),(148,48,'CGW-20C','10.20.184.19','2018-01-15 08:54:31','10.20.184.17','10.20.184.100','255.255.255.0','10.20.184.18','10.20.184.100','255.255.255.0',5060,90,65000,161,1,'public','ULISESG5000i','NUCLEO-DF LABS','NUCLEO-DF DT. MADRID. SPAIN',8080,0,554,'10.10.184.10','',0),(149,50,'CGW-10','10.10.184.13','2017-12-18 13:08:09','10.10.184.11','10.10.184.100','255.255.255.0','10.10.184.12','10.10.184.100','255.255.255.0',5060,90,65000,161,1,'public','ULISESG5000i','NUCLEO-DFLABS','NUCLEO-DFDT.MADRID.SPAIN',8080,0,554,'','',0),(150,50,'CGW-30','10.10.184.16','2017-12-18 13:08:09','10.10.184.14','10.10.184.100','255.255.255.0','10.10.184.15','10.10.184.100','255.255.255.0',5060,90,65000,161,1,'public','ULISESG5000i','NUCLEO-DFLABS','NUCLEO-DFDT.MADRID.SPAIN',8080,0,554,'','',0),(151,51,'CGW-20','10.20.184.13','2017-12-18 13:08:09','10.20.184.11','10.20.184.100','255.255.255.0','10.20.184.12','10.20.184.100','255.255.255.0',5060,90,65000,161,1,'public','ULISESG5000i','NUCLEO-DFLABS','NUCLEO-DFDT.MADRID.SPAIN',8080,0,554,'10.10.184.10','',0),(154,47,'CGW-10','10.10.184.13','2018-01-15 08:54:31','10.10.184.11','10.10.184.100','255.255.255.0','10.10.184.12','10.10.184.100','255.255.255.0',5060,90,65000,161,1,'public','ULISESG5000i','NUCLEO-DF LABS','NUCLEO-DF DT. MADRID. SPAIN',8080,0,554,'','',0),(155,52,'CGW-10A','10.10.184.33','2018-01-11 12:38:21','10.10.184.31','10.10.184.100','255.255.255.0','10.10.184.32','10.10.184.100','255.255.255.0',5060,90,65000,161,1,'public','ULISESG5000i','NUCLEO-DF LABS','NUCLEO-DF DT. MADRID. SPAIN',8080,0,554,'','',0),(156,52,'CGW-30','10.10.184.16','2018-01-11 12:38:21','10.10.184.14','10.10.184.100','255.255.255.0','10.10.184.15','10.10.184.100','255.255.255.0',5060,90,65000,161,1,'public','ULISESG5000i','NUCLEO-DF LABS','NUCLEO-DF DT. MADRID. SPAIN',8080,0,554,'','',0),(157,52,'CGW-10','10.10.184.13','2018-01-11 12:38:21','10.10.184.11','10.10.184.100','255.255.255.0','10.10.184.12','10.10.184.100','255.255.255.0',5060,90,65000,161,1,'public','ULISESG5000i','NUCLEO-DF LABS','NUCLEO-DF DT. MADRID. SPAIN',8080,0,554,'','',0),(158,53,'CGW-20','10.20.184.13','2018-01-11 12:38:21','10.20.184.11','10.20.184.100','255.255.255.0','10.20.184.12','10.20.184.100','255.255.255.0',5060,90,65000,161,1,'public','ULISESG5000i','NUCLEO-DF LABS','NUCLEO-DF DT. MADRID. SPAIN',8080,0,554,'10.10.184.10','',0),(159,53,'CGW-20B','10.10.184.23','2018-01-11 12:38:21','10.10.184.21','10.20.184.100','255.255.255.0','10.10.184.22','10.20.184.100','255.255.255.0',5060,90,65000,161,1,'public','ULISESG5000i','NUCLEO-DF LABS','NUCLEO-DF DT. MADRID. SPAIN',8080,0,554,'10.10.184.10','',0),(160,53,'CGW-20C','10.20.184.19','2018-01-11 12:38:21','10.20.184.17','10.20.184.100','255.255.255.0','10.20.184.18','10.20.184.100','255.255.255.0',5060,90,65000,161,1,'public','ULISESG5000i','NUCLEO-DF LABS','NUCLEO-DF DT. MADRID. SPAIN',8080,0,554,'10.10.184.10','',0),(161,54,'CGW-40','10.40.184.13','2018-01-11 12:38:21','10.40.184.11','10.40.184.100','255.255.0.0','10.40.184.12','10.40.184.100','255.255.255.0',5060,90,65000,161,1,'public','ULISESG5000i','NUCLEO-DF LABS','NUCLEO-DF DT. MADRID. SPAIN',8080,0,554,'','',0);
/*!40000 ALTER TABLE `pasarelas` ENABLE KEYS */;
UNLOCK TABLES;

--
-- Table structure for table `rangos_ats`
--

DROP TABLE IF EXISTS `rangos_ats`;
/*!40101 SET @saved_cs_client     = @@character_set_client */;
/*!40101 SET character_set_client = utf8 */;
CREATE TABLE `rangos_ats` (
  `idrangos_ats` int(11) NOT NULL AUTO_INCREMENT COMMENT 'Clave Primaria. Tabla para almacenar los distintos rangos tanto de destino como de origen.',
  `recurso_telefonico_id` int(11) NOT NULL COMMENT 'Clave al recurso de teléfono al que pertenece',
  `rango_ats_inicial` varchar(6) COLLATE latin1_spanish_ci NOT NULL COMMENT 'Valor inicial para el rango ATS. STRING (ATS-USER). De "200000" a "399999”.',
  `rango_ats_final` varchar(6) COLLATE latin1_spanish_ci NOT NULL COMMENT 'Valor final para el rango ATS. STRING (ATS-USER). De "200000" a "399999”.',
  `tipo` int(1) NOT NULL COMMENT 'Tipo de Rango: 0 origen y 1 destino',
  PRIMARY KEY (`idrangos_ats`),
  KEY `fk_recurso_telefono_rango_ats_idx` (`recurso_telefonico_id`),
  CONSTRAINT `fk_recurso_telefono_rango_ats` FOREIGN KEY (`recurso_telefonico_id`) REFERENCES `recursos_telefono` (`idrecurso_telefono`) ON DELETE CASCADE ON UPDATE NO ACTION
) ENGINE=InnoDB AUTO_INCREMENT=25 DEFAULT CHARSET=latin1 COLLATE=latin1_spanish_ci;
/*!40101 SET character_set_client = @saved_cs_client */;

--
-- Dumping data for table `rangos_ats`
--

LOCK TABLES `rangos_ats` WRITE;
/*!40000 ALTER TABLE `rangos_ats` DISABLE KEYS */;
INSERT INTO `rangos_ats` VALUES (2,190,'315000','315099',0),(8,203,'315000','315099',0),(9,204,'315000','315099',0),(11,217,'315000','315099',0),(12,218,'315000','315099',0),(15,232,'315000','315099',0),(16,236,'315000','315099',0),(17,239,'315000','315099',0),(18,245,'315000','315099',0),(20,253,'315000','315099',0),(21,259,'315000','315099',0),(22,264,'315000','315099',0),(23,269,'315000','315099',0),(24,247,'315000','315099',1);
/*!40000 ALTER TABLE `rangos_ats` ENABLE KEYS */;
UNLOCK TABLES;

--
-- Table structure for table `recursos_externos`
--

DROP TABLE IF EXISTS `recursos_externos`;
/*!40101 SET @saved_cs_client     = @@character_set_client */;
/*!40101 SET character_set_client = utf8 */;
CREATE TABLE `recursos_externos` (
  `idrecursos_externos` int(11) NOT NULL AUTO_INCREMENT COMMENT 'Identificador de la tabla',
  `uri` varchar(45) COLLATE latin1_spanish_ci NOT NULL COMMENT 'Uri introducida por el usuario para ser seleccionada',
  `tipo` int(2) NOT NULL DEFAULT '0' COMMENT 'Radio Tx (0) Radio TxRx (1) Radio Rx (2) y Telefono (3)',
  `alias` varchar(45) COLLATE latin1_spanish_ci NOT NULL COMMENT 'Alias de la uri',
  PRIMARY KEY (`idrecursos_externos`)
) ENGINE=InnoDB AUTO_INCREMENT=15 DEFAULT CHARSET=latin1 COLLATE=latin1_spanish_ci;
/*!40101 SET character_set_client = @saved_cs_client */;

--
-- Dumping data for table `recursos_externos`
--

LOCK TABLES `recursos_externos` WRITE;
/*!40000 ALTER TABLE `recursos_externos` DISABLE KEYS */;
INSERT INTO `recursos_externos` VALUES (3,'test@1.2.3.4',2,'RADIO_REMOTA1'),(4,'TX_VHF_N1@10.20.184.106',0,'TX_JOTRON'),(5,'RX_VHF_N1@10.20.184.102',2,'RX_JOTRON'),(6,'TX_VHF_N2@10.20.184.4',0,'TX_RHODE'),(7,'RX_VHF_N2@10.20.184.2',2,'RX_RHODE'),(8,'1@10.10.10.10',0,'1'),(9,'1@10.10.10.10',0,'2'),(10,'1@10.10.10.10',0,'1'),(11,'1@10.10.10.10',0,'1'),(12,'1@10.10.10.10',0,'4'),(13,'1@10.10.10.10',0,'5'),(14,'1@10.10.10.10',0,'6');
/*!40000 ALTER TABLE `recursos_externos` ENABLE KEYS */;
UNLOCK TABLES;

--
-- Table structure for table `recursos_radio`
--

DROP TABLE IF EXISTS `recursos_radio`;
/*!40101 SET @saved_cs_client     = @@character_set_client */;
/*!40101 SET character_set_client = utf8 */;
CREATE TABLE `recursos_radio` (
  `idrecurso_radio` int(11) NOT NULL AUTO_INCREMENT COMMENT 'Campo Clave. Representa un recurso de tipo radio, asignado a una pasarela.',
  `pasarela_id` int(11) NOT NULL COMMENT 'Clave externa a pasarela.',
  `fila` int(1) NOT NULL COMMENT 'Posición dentro de la IA4 en la que se encuentra asignado el recurso radio. Puede tomar valores del 0 al 3.',
  `columna` int(1) NOT NULL COMMENT 'Elemento IA4 en la que se encuentra asignado el recurso radio. Puede tomar valores del 0 al 3.',
  `nombre` varchar(64) COLLATE latin1_spanish_ci NOT NULL COMMENT 'Nombre del recurso. Único dentro de la pasarela.',
  `codec` int(1) DEFAULT '0' COMMENT 'Codec de audio para el recurso radio. 0: G711-A',
  `clave_registro` varchar(45) COLLATE latin1_spanish_ci DEFAULT NULL COMMENT 'Valor para la clave del registro. Indica no habilitado con valor NULL.',
  `frecuencia` float(6,3) NOT NULL COMMENT 'Frecuencia en MHz (UHF/VHF). desde 30.000 a 300.000 y pico',
  `ajuste_ad` float(4,2) DEFAULT NULL COMMENT 'Ajuste cero digital en A/D. Rango min: -13.5, max: 1.20. Si es NULL el ajuste es automático.',
  `ajuste_da` float(4,2) DEFAULT NULL COMMENT 'Ajuste cero digital en D/A. Rango min: -24.3, max: 1.10. Si es NULL el ajuste es automático.',
  `precision_audio` int(1) NOT NULL DEFAULT '0' COMMENT 'Precisión de Audio: (0) Estricto o (1) Normal.',
  `tipo_agente` int(1) NOT NULL COMMENT 'Tipo de agente de radio. 0 (LS), 1 (LPR), 2 (FDS), 3 (FDPR), 4 (RRT), 5(RTX), 6(RRX).',
  `indicacion_entrada_audio` int(1) NOT NULL COMMENT 'Indicación de entrada de audio. 0 (HW), 1 (VAD), 2 (FORZADO)',
  `indicacion_salida_audio` int(1) NOT NULL COMMENT 'Indicación de salida de audio. 0 (HW), 1 (TONO)',
  `metodo_bss` int(1) DEFAULT NULL COMMENT 'Método BSS disponible.\nEn RLOCALES: 0 (Ninguno), 1 (RSSI), 2 (RSSI y NUCLEO)\rEn REMOTOS: 0 (RSSI), 1 (NUCLEO).',
  `prioridad_ptt` int(1) DEFAULT '0' COMMENT 'Prioridad PTT. Rango: 0 (Normal), 1 (Prioritario), 2 (Emergencia)',
  `prioridad_sesion_sip` int(1) DEFAULT '0' COMMENT 'Prioridad sesión SIP. 0 (Normal), 1 ( Prioritaria)',
  `climax_bss` tinyint(1) DEFAULT '0' COMMENT 'Habilita BSS/CLIMAX. (1) Habilitado, (0) No Habilitado.',
  `retraso_interno_grs` int(3) NOT NULL DEFAULT '0' COMMENT 'Retraso interno GRS en mili segundos. Rango min: 0, max: 250.',
  `evento_ptt_squelch` tinyint(1) NOT NULL DEFAULT '0' COMMENT 'Evento PTT/Squelch. (1) Activado, (0) No Activado.',
  `habilita_grabacion` tinyint(1) NOT NULL DEFAULT '0' COMMENT 'Habilita grabación. (1) Si habilita, (0) No Habilita.',
  `tabla_bss_id` int(11) DEFAULT NULL COMMENT 'Clave ajena a la tabla bss de calificación de audio.',
  `max_jitter` int(3) DEFAULT '0' COMMENT 'Rango 0 < val < 200.',
  `min_jitter` int(3) DEFAULT '0' COMMENT 'Rango 0 < val < 200.',
  `umbral_vad` float(3,1) NOT NULL DEFAULT '-27.0' COMMENT 'Umbral Vad. Rango min: -35.0, max: -15.0.',
  `tiempo_max_ptt` int(4) NOT NULL DEFAULT '0' COMMENT 'Tiempo máximo PTT. Rango de min: 0, max: 1000',
  `ventana_bss` int(4) NOT NULL DEFAULT '500' COMMENT 'Ventana BSS. Rango min: 10, max: 5000.',
  `tipo_climax` int(1) NOT NULL DEFAULT '0' COMMENT 'Tipo de climax.1(ASAP), 2(TIEMPO FIJO).',
  `retardo_fijo_climax` int(3) NOT NULL DEFAULT '100' COMMENT 'Retardo fijo climax. Rango min: 0, max: 250',
  `cola_bss_sqh` int(4) NOT NULL DEFAULT '500' COMMENT 'Cola BSS SQH. Rango min: 10, max: 5000.',
  `retardo_jitter` int(3) NOT NULL DEFAULT '30' COMMENT 'Retardo jitter. Rango min: 0, max: 100.',
  `metodo_climax` int(1) NOT NULL DEFAULT '0' COMMENT 'Método climax. Valores 0 (Relativo), 1 (Absoluto).',
  `restriccion_entrantes` int(1) DEFAULT '0' COMMENT 'Restricción entrantes. Valores: 0 (Ninguna), 1 (Lista Negra), 2 (Lista Blanca)',
  PRIMARY KEY (`idrecurso_radio`),
  KEY `fk_pasarela_radio_idx` (`pasarela_id`),
  KEY `fk_radio_tabla_bss_idx` (`tabla_bss_id`),
  CONSTRAINT `fk_pasarela_radio` FOREIGN KEY (`pasarela_id`) REFERENCES `pasarelas` (`idpasarela`) ON DELETE CASCADE ON UPDATE NO ACTION
) ENGINE=InnoDB AUTO_INCREMENT=377 DEFAULT CHARSET=latin1 COLLATE=latin1_spanish_ci;
/*!40101 SET character_set_client = @saved_cs_client */;

--
-- Dumping data for table `recursos_radio`
--

LOCK TABLES `recursos_radio` WRITE;
/*!40000 ALTER TABLE `recursos_radio` DISABLE KEYS */;
INSERT INTO `recursos_radio` VALUES (255,129,0,0,'RD-10-00',0,NULL,118.000,0.00,0.00,0,2,0,0,0,0,0,0,0,0,0,0,0,0,-27.0,0,500,1,100,500,30,0,0),(256,129,0,1,'RD-10-10',0,NULL,118.000,0.00,0.00,0,3,0,0,0,1,0,0,0,0,0,0,0,0,-27.0,0,500,1,100,500,30,0,0),(257,129,0,3,'RD-10-30',0,NULL,118.000,0.00,0.00,0,0,0,0,0,0,0,0,0,0,0,0,0,0,-27.0,0,500,1,100,500,30,0,0),(258,131,1,0,'RD-20-01',0,NULL,118.000,0.00,0.00,0,4,0,0,0,0,0,0,0,0,0,0,0,0,-27.0,0,500,1,100,500,30,0,0),(259,131,1,1,'RD-20-11',0,NULL,118.000,0.00,0.00,0,4,0,0,0,0,0,0,0,0,0,0,0,0,-27.0,0,500,1,100,500,30,0,0),(260,131,0,1,'RD-20-10',0,NULL,118.000,0.00,0.00,0,6,0,0,0,0,0,0,0,0,0,0,0,0,-27.0,0,500,1,100,500,30,0,1),(261,131,0,0,'RD-20-00',0,NULL,118.000,0.00,0.00,0,5,0,0,0,0,0,0,0,0,0,0,0,0,-27.0,0,500,1,100,500,30,0,0),(262,131,0,2,'RD-20-20',0,NULL,118.000,0.00,0.00,0,0,0,0,0,0,0,0,0,0,0,0,0,0,-27.0,0,500,1,100,500,30,0,0),(263,131,0,3,'RD-20-30',0,NULL,118.000,0.00,0.00,0,4,0,0,0,0,0,0,0,0,0,0,0,0,-27.0,0,500,1,100,500,30,0,0),(264,130,0,0,'RD-30-00',0,NULL,118.000,0.00,0.00,0,0,0,0,0,0,0,0,0,0,0,0,0,0,-27.0,0,500,1,100,500,30,0,0),(265,130,1,0,'RD-30-01',0,NULL,118.000,0.00,0.00,0,2,0,0,0,0,0,0,0,0,0,0,0,0,-27.0,0,500,1,100,500,30,0,0),(266,132,1,0,'RD-40-01',0,NULL,118.000,0.00,0.00,0,4,0,0,0,0,0,0,0,0,0,0,0,0,-27.0,0,500,1,100,500,30,0,0),(267,132,1,1,'RD-40-11',0,NULL,118.000,0.00,0.00,0,4,0,0,0,0,0,0,0,0,0,0,0,0,-27.0,0,500,1,100,500,30,0,0),(268,132,2,0,'RD-40-02',0,NULL,118.000,0.00,0.00,0,5,0,0,0,0,0,0,0,0,0,0,0,0,-27.0,0,500,1,100,500,30,0,0),(269,133,0,0,'RD-10-00',0,NULL,118.000,0.00,0.00,0,2,0,0,2,0,0,0,0,0,0,13,0,0,-27.0,0,500,1,100,500,30,0,0),(270,133,1,1,'RD-10-10',0,NULL,118.000,0.00,0.00,0,2,0,0,2,1,0,0,0,0,0,0,0,0,-27.0,0,500,1,100,500,30,0,0),(271,133,0,3,'RD-10-30',0,NULL,118.000,0.00,0.00,0,5,0,0,0,0,0,0,0,0,0,13,0,0,-27.0,0,500,1,100,500,30,0,0),(272,134,0,0,'RD-30-00',0,NULL,118.000,0.00,0.00,0,0,0,0,0,0,0,0,0,0,0,0,0,0,-27.0,0,500,0,100,500,30,0,0),(273,134,1,0,'RD-30-01',0,NULL,118.000,0.00,0.00,0,2,0,0,0,0,0,0,0,0,0,0,0,0,-27.0,0,500,0,100,500,30,0,0),(274,135,1,0,'RD-20-01',0,NULL,118.000,0.00,0.00,0,6,2,0,0,0,0,0,0,0,0,13,0,0,-27.0,0,500,1,100,500,30,0,0),(275,135,1,1,'RD-20-11',0,NULL,118.000,0.00,0.00,0,5,0,0,0,0,0,0,5,0,0,13,0,0,-27.0,0,500,1,100,500,30,0,0),(276,135,0,1,'RD-20-10',0,NULL,118.000,NULL,NULL,0,6,0,0,0,0,0,0,0,0,0,14,0,0,-27.0,0,500,1,100,500,30,0,1),(278,135,0,2,'RD-20-20',0,NULL,118.000,0.00,0.00,0,4,2,0,0,0,0,0,0,0,0,0,0,0,-27.0,0,500,1,100,500,30,0,0),(279,135,1,3,'RD-20-30',0,NULL,118.000,0.00,0.00,0,4,0,0,0,0,0,0,0,0,0,13,0,0,-27.0,0,500,1,100,500,30,0,0),(280,136,1,0,'RD-40-01',0,NULL,118.000,0.00,0.00,0,4,0,0,0,0,0,0,0,0,0,0,0,0,-27.0,0,500,1,100,500,30,0,0),(281,136,1,1,'RD-40-11',0,NULL,118.000,0.00,0.00,0,4,0,0,0,0,0,0,0,0,0,0,0,0,-27.0,0,500,0,100,500,30,0,0),(282,136,2,0,'RD-40-02',0,NULL,118.000,0.00,0.00,0,5,0,0,0,0,0,0,0,0,0,0,0,0,-27.0,0,500,0,100,500,30,0,0),(283,137,1,0,'RD-20-01',0,NULL,118.000,0.00,0.00,0,4,0,0,0,0,0,0,0,0,0,0,0,0,-27.0,0,500,0,100,500,30,0,0),(284,137,1,1,'RD-20-11',0,NULL,118.000,0.00,0.00,0,4,0,0,0,0,0,0,0,0,0,0,0,0,-27.0,0,500,0,100,500,30,0,0),(285,137,0,1,'RD-20-10',0,NULL,118.000,0.00,0.00,0,6,0,0,0,0,0,0,0,0,0,0,0,0,-27.0,0,500,0,100,500,30,0,1),(286,137,0,0,'RD-20-00',0,NULL,118.000,0.00,0.00,0,4,0,0,0,0,0,0,0,0,0,13,0,0,-27.0,0,500,0,100,500,30,0,0),(287,137,0,2,'RD-20-20',0,NULL,118.000,0.00,0.00,0,0,0,0,0,0,0,0,0,0,0,0,0,0,-27.0,0,500,0,100,500,30,0,0),(288,137,0,3,'RD-20-30',0,NULL,118.000,0.00,0.00,0,4,0,0,0,0,0,0,0,0,0,0,0,0,-27.0,0,500,0,100,500,30,0,0),(290,133,0,2,'r1234567890r1234567890r123456789',0,NULL,118.000,0.00,0.00,0,0,0,0,0,0,0,0,0,0,0,0,0,0,-27.0,0,500,1,100,500,30,0,0),(295,139,0,0,'RD-30-00',0,NULL,118.000,0.00,0.00,0,0,0,0,0,0,0,0,0,0,0,0,0,0,-27.0,0,500,0,100,500,30,0,0),(296,139,1,0,'RD-30-01',0,NULL,118.000,0.00,0.00,0,2,0,0,0,0,0,0,0,0,0,0,0,0,-27.0,0,500,0,100,500,30,0,0),(297,140,1,0,'RD-20-01',0,NULL,118.000,0.00,0.00,0,6,0,0,0,0,0,0,0,0,0,13,0,0,-27.0,0,500,0,100,500,30,0,0),(298,140,1,1,'RD-20-11',0,NULL,118.000,0.00,0.00,0,5,0,0,0,0,0,0,5,0,0,13,0,0,-27.0,0,500,0,100,500,30,0,0),(299,140,0,1,'RD-20-10',0,NULL,118.000,NULL,NULL,0,6,1,0,0,0,0,0,0,0,0,14,0,0,-27.0,0,500,0,100,500,30,0,1),(300,140,0,0,'RD-20-00',0,NULL,118.000,-1.00,-1.30,0,4,0,0,0,0,0,0,0,0,0,13,0,0,-27.0,0,500,0,100,500,30,0,0),(301,140,0,2,'RD-20-20',0,NULL,118.000,0.00,0.00,0,2,0,0,2,0,0,0,0,0,0,0,0,0,-27.0,0,500,0,100,500,30,0,0),(302,140,1,3,'RD-20-30',0,NULL,118.000,0.00,0.00,0,4,0,0,0,0,0,0,0,0,0,13,0,0,-27.0,0,500,0,100,500,30,0,0),(303,141,1,0,'RD-20-01',0,NULL,118.000,0.00,0.00,0,4,0,0,0,0,0,0,0,0,0,0,0,0,-27.0,0,500,0,100,500,30,0,0),(304,141,1,1,'RD-20-11',0,NULL,118.000,0.00,0.00,0,4,0,0,0,0,0,0,0,0,0,0,0,0,-27.0,0,500,0,100,500,30,0,0),(305,141,0,1,'RD-20-10',0,NULL,118.000,0.00,0.00,0,6,0,0,0,0,0,0,0,0,0,0,0,0,-27.0,0,500,0,100,500,30,0,1),(306,141,0,0,'RD-20-00',0,NULL,118.000,0.00,0.00,0,4,0,0,0,0,0,0,0,0,0,13,0,0,-27.0,0,500,0,100,500,30,0,0),(307,141,0,2,'RD-20-20',0,NULL,118.000,0.00,0.00,0,0,0,0,0,0,0,0,0,0,0,0,0,0,-27.0,0,500,0,100,500,30,0,0),(308,141,0,3,'RD-20-30',0,NULL,118.000,0.00,0.00,0,4,0,0,0,0,0,0,0,0,0,0,0,0,-27.0,0,500,0,100,500,30,0,0),(309,142,1,0,'RD-40-01',0,NULL,118.000,0.00,0.00,0,4,0,0,0,0,0,0,0,0,0,0,0,0,-27.0,0,500,0,100,500,30,0,0),(310,142,1,1,'RD-40-11',0,NULL,118.000,0.00,0.00,0,4,0,0,0,0,0,0,0,0,0,0,0,0,-27.0,0,500,0,100,500,30,0,0),(311,142,2,0,'RD-40-02',0,NULL,118.000,0.00,0.00,0,5,0,0,0,0,0,0,0,0,0,0,0,0,-27.0,0,500,0,100,500,30,0,0),(312,135,2,3,'RD-20_32',0,NULL,118.000,0.00,0.00,0,6,2,0,0,1,0,0,0,0,0,13,0,0,-27.0,0,500,1,100,500,30,0,0),(317,144,0,0,'RD-30-00',0,NULL,118.000,0.00,0.00,0,4,0,0,0,0,0,1,0,0,0,0,0,0,-27.0,0,500,1,100,500,30,0,0),(318,144,1,0,'RD-30-01',0,NULL,118.000,0.00,0.00,0,4,0,0,0,0,0,0,0,0,0,0,0,0,-27.0,0,500,1,100,500,30,0,0),(320,145,1,1,'RD-20-11',0,NULL,118.000,0.00,0.00,0,5,0,0,0,0,0,0,5,0,0,13,0,0,-27.0,0,500,0,100,500,30,0,0),(321,145,0,1,'RD-20-10',0,NULL,118.000,0.00,0.00,0,6,0,0,1,0,0,0,0,0,0,14,0,0,-27.0,0,500,1,100,500,30,0,0),(325,146,1,0,'RD-20-01',0,NULL,118.000,0.00,0.00,0,4,0,0,0,0,0,0,0,0,0,0,0,0,-27.0,0,500,0,100,500,30,0,0),(326,146,1,1,'RD-20-11',0,NULL,118.000,0.00,0.00,0,4,0,0,0,0,0,0,0,0,0,0,0,0,-27.0,0,500,0,100,500,30,0,0),(327,146,0,1,'RD-20-10',0,NULL,118.000,0.00,0.00,0,6,0,0,0,0,0,0,0,0,0,0,0,0,-27.0,0,500,0,100,500,30,0,1),(328,146,0,0,'RD-20-00',0,NULL,118.000,0.00,0.00,0,4,0,0,0,0,0,0,0,0,0,13,0,0,-27.0,0,500,0,100,500,30,0,0),(329,146,0,2,'RD-20-20',0,NULL,118.000,0.00,0.00,0,0,0,0,0,0,0,0,0,0,0,0,0,0,-27.0,0,500,0,100,500,30,0,0),(330,146,0,3,'RD-20-30',0,NULL,118.000,0.00,0.00,0,4,0,0,0,0,0,0,0,0,0,0,0,0,-27.0,0,500,0,100,500,30,0,0),(331,147,1,0,'RD-40-01',0,NULL,118.000,0.00,0.00,0,4,1,0,0,0,0,0,0,0,0,0,0,0,-27.0,0,500,1,100,500,30,0,0),(332,147,1,1,'RD-40-11',0,NULL,118.000,0.00,0.00,0,6,1,0,1,0,0,0,0,0,0,14,0,0,-21.0,0,500,1,100,500,30,0,1),(333,147,2,0,'RD-40-02',0,NULL,118.000,0.00,0.00,0,5,0,0,0,0,0,0,0,0,0,0,0,0,-27.0,0,500,0,100,500,30,0,0),(334,148,1,0,'RD-20-01',0,NULL,118.000,0.00,0.00,0,6,0,0,0,0,0,0,0,0,0,13,0,0,-27.0,0,500,0,100,500,30,0,0),(335,148,1,1,'RD-20-11',0,NULL,118.000,0.00,0.00,0,5,0,0,0,0,0,0,5,0,0,13,0,0,-27.0,0,500,0,100,500,30,0,0),(336,148,0,1,'RD-20-10',0,NULL,118.000,NULL,NULL,0,6,1,0,0,0,0,0,0,0,0,14,0,0,-27.0,0,500,0,100,500,30,0,1),(337,148,0,2,'RD-20-20',0,NULL,118.000,0.00,0.00,0,4,0,0,0,0,0,0,0,0,0,0,0,0,-27.0,0,500,0,100,500,30,0,0),(338,148,2,3,'RD-20_32',0,NULL,118.000,0.00,0.00,0,6,0,0,0,1,0,0,0,0,0,13,0,0,-27.0,0,500,0,100,500,30,0,0),(339,149,0,0,'RD-10-00',0,'',118.000,0.00,0.00,0,0,0,0,1,0,0,0,0,0,0,0,0,0,-27.0,0,500,1,100,500,30,0,0),(340,149,1,1,'RD-10-10',0,'',118.000,0.00,0.00,0,2,0,0,2,1,0,0,0,0,0,0,0,0,-27.0,0,500,0,100,500,30,0,0),(341,149,0,3,'RD-10-30',0,'',118.000,0.00,0.00,0,5,0,0,0,0,0,0,0,0,0,0,0,0,-27.0,0,500,1,100,500,30,0,0),(342,149,0,2,'rx_118',0,'',118.000,0.00,0.00,0,2,0,0,2,0,0,0,0,0,0,0,0,0,-27.0,0,500,1,100,500,30,0,0),(343,150,0,0,'RD-30-00',0,'',118.000,0.00,0.00,0,0,0,0,0,0,0,0,0,0,0,0,0,0,-27.0,0,500,0,100,500,30,0,0),(344,150,1,0,'RD-30-01',0,'',118.000,0.00,0.00,0,2,0,0,0,0,0,0,0,0,0,0,0,0,-27.0,0,500,0,100,500,30,0,0),(345,151,1,1,'RD-20-11',0,'',118.000,0.00,0.00,0,5,0,0,0,0,0,0,5,0,0,0,0,0,-27.0,0,500,0,100,500,30,0,0),(346,151,0,1,'RD-20-10',0,'',118.000,NULL,NULL,0,6,1,0,0,0,0,0,0,0,0,0,0,0,-27.0,0,500,1,100,500,30,0,1),(347,143,1,0,'RD-10-01',0,NULL,118.000,0.00,0.00,0,2,0,0,0,0,0,0,0,0,0,13,0,0,-27.0,0,1000,1,100,500,30,0,0),(350,154,1,1,'RD-10-10',0,NULL,118.000,0.00,0.00,0,4,0,0,0,1,0,0,0,0,0,0,0,0,-27.0,0,500,0,100,500,30,0,0),(351,154,0,3,'RD-10-30',0,NULL,118.000,0.00,0.00,0,5,0,0,0,0,0,0,0,0,0,13,0,0,-27.0,0,500,0,100,500,30,0,0),(352,154,1,0,'RD-10-01',0,NULL,118.000,0.00,0.00,0,2,0,0,1,1,0,1,0,0,0,13,0,0,-27.0,0,500,2,250,500,30,0,0),(353,155,1,0,'RD-10-01',0,NULL,118.000,0.00,0.00,0,2,0,0,0,0,0,0,0,0,0,13,0,0,-27.0,0,500,0,100,500,30,0,0),(354,156,0,0,'RD-30-00',0,NULL,118.000,0.00,0.00,0,4,0,0,0,0,0,1,0,0,0,0,0,0,-27.0,0,500,0,100,500,30,0,0),(355,156,1,0,'RD-30-01',0,NULL,118.000,0.00,0.00,0,4,0,0,0,0,0,0,0,0,0,0,0,0,-27.0,0,500,0,100,500,30,0,0),(356,157,1,1,'RD-10-10',0,NULL,118.000,0.00,0.00,0,4,0,0,0,1,0,0,0,0,0,0,0,0,-27.0,0,500,0,100,500,30,0,0),(357,157,0,3,'RD-10-30',0,NULL,118.000,0.00,0.00,0,5,0,0,0,0,0,0,0,0,0,13,0,0,-27.0,0,500,0,100,500,30,0,0),(358,157,1,0,'RD-10-01',0,NULL,118.000,0.00,0.00,0,2,0,0,0,0,0,0,0,0,0,13,0,0,-27.0,0,500,0,100,500,30,0,0),(359,158,1,1,'RD-20-11',0,NULL,118.000,0.00,0.00,0,5,0,0,0,0,0,0,5,0,0,13,0,0,-27.0,0,500,0,100,500,30,0,0),(360,158,0,1,'RD-20-10',0,NULL,118.000,0.00,0.00,0,6,1,0,0,0,0,0,0,0,0,14,0,0,-27.0,0,500,0,100,500,30,0,0),(361,159,1,0,'RD-20-01',0,NULL,118.000,0.00,0.00,0,4,0,0,0,0,0,0,0,0,0,0,0,0,-27.0,0,500,0,100,500,30,0,0),(362,159,1,1,'RD-20-11',0,NULL,118.000,0.00,0.00,0,4,0,0,0,0,0,0,0,0,0,0,0,0,-27.0,0,500,0,100,500,30,0,0),(363,159,0,1,'RD-20-10',0,NULL,118.000,0.00,0.00,0,6,0,0,0,0,0,0,0,0,0,0,0,0,-27.0,0,500,0,100,500,30,0,1),(364,159,0,0,'RD-20-00',0,NULL,118.000,0.00,0.00,0,4,0,0,0,0,0,0,0,0,0,13,0,0,-27.0,0,500,0,100,500,30,0,0),(365,159,0,2,'RD-20-20',0,NULL,118.000,0.00,0.00,0,0,0,0,0,0,0,0,0,0,0,0,0,0,-27.0,0,500,0,100,500,30,0,0),(366,159,0,3,'RD-20-30',0,NULL,118.000,0.00,0.00,0,4,0,0,0,0,0,0,0,0,0,0,0,0,-27.0,0,500,0,100,500,30,0,0),(367,160,1,0,'RD-20-01',0,NULL,118.000,0.00,0.00,0,6,0,0,0,0,0,0,0,0,0,13,0,0,-27.0,0,500,0,100,500,30,0,0),(368,160,1,1,'RD-20-11',0,NULL,118.000,0.00,0.00,0,5,0,0,0,0,0,0,5,0,0,13,0,0,-27.0,0,500,0,100,500,30,0,0),(369,160,0,1,'RD-20-10',0,NULL,118.000,NULL,NULL,0,6,1,0,0,0,0,0,0,0,0,14,0,0,-27.0,0,500,0,100,500,30,0,1),(370,160,0,2,'RD-20-20',0,NULL,118.000,0.00,0.00,0,4,0,0,0,0,0,0,0,0,0,0,0,0,-27.0,0,500,0,100,500,30,0,0),(371,160,2,3,'RD-20_32',0,NULL,118.000,0.00,0.00,0,6,0,0,0,1,0,0,0,0,0,13,0,0,-27.0,0,500,0,100,500,30,0,0),(372,161,1,0,'RD-40-01',0,NULL,118.000,0.00,0.00,0,4,1,0,0,0,0,0,0,0,0,0,0,0,-27.0,0,500,0,100,500,30,0,0),(373,161,1,1,'RD-40-11',0,NULL,118.000,0.00,0.00,0,6,1,0,1,0,0,0,0,0,0,14,0,0,-21.0,0,500,0,100,500,30,0,1),(374,161,2,0,'RD-40-02',0,NULL,118.000,0.00,0.00,0,5,0,0,0,0,0,0,0,0,0,0,0,0,-27.0,0,500,0,100,500,30,0,0);
/*!40000 ALTER TABLE `recursos_radio` ENABLE KEYS */;
UNLOCK TABLES;

--
-- Table structure for table `recursos_telefono`
--

DROP TABLE IF EXISTS `recursos_telefono`;
/*!40101 SET @saved_cs_client     = @@character_set_client */;
/*!40101 SET character_set_client = utf8 */;
CREATE TABLE `recursos_telefono` (
  `idrecurso_telefono` int(11) NOT NULL AUTO_INCREMENT COMMENT 'Clave Primaria. Representa un recurso de tipo telefónico, asignado a una pasarela.',
  `pasarela_id` int(11) NOT NULL COMMENT 'Clave externa a tabla pasarela.',
  `fila` int(1) NOT NULL COMMENT 'Posición dentro de la IA4 en la que se encuentra asignado el recurso telefónico. Puede tomar valores del 0 al 3.',
  `columna` int(1) NOT NULL COMMENT 'Elemento IA4 en la que se encuentra asignado el recurso telefónico. Puede tomar valores del 0 al 3.',
  `nombre` varchar(64) COLLATE latin1_spanish_ci NOT NULL COMMENT 'Nombre del recurso telefónico. Único dentro de la pasarela.',
  `codec` int(1) NOT NULL DEFAULT '0' COMMENT 'Codec de audio para el recurso radio. 0: G711-A',
  `clave_registro` varchar(45) COLLATE latin1_spanish_ci DEFAULT NULL COMMENT 'Valor para la clave del registro.',
  `ajuste_ad` float(4,2) DEFAULT NULL COMMENT 'Ajuste cero digital en A/D',
  `ajuste_da` float(4,2) DEFAULT NULL COMMENT 'Ajuste cero digital en D/A',
  `precision_audio` int(1) unsigned NOT NULL DEFAULT '1' COMMENT 'Precisión de Audio: (0) Estricto o (1) Normal. Por ahora no lo utilizamos',
  `tipo_interfaz_tel` int(1) NOT NULL COMMENT 'Tipo de interfaz telefónico. 0 (BL), 1(BC), 2(AB), 3(R2), 4(N5), 5(LCEN), 6 (QSIG)',
  `deteccion_vox` tinyint(1) NOT NULL DEFAULT '1' COMMENT 'Detección Vox. (1) Si, (0) No.',
  `umbral_vox` int(10) NOT NULL DEFAULT '-27' COMMENT 'Valor del umbral Vox en dB.',
  `cola_vox` int(10) NOT NULL DEFAULT '5' COMMENT 'Valor para la cola Vox en segundos.',
  `respuesta_automatica` tinyint(1) NOT NULL DEFAULT '1' COMMENT 'Respuesta automática. (1) Si, (0) No.',
  `periodo_tonos` int(2) NOT NULL DEFAULT '5' COMMENT 'Periodo tonos respuesta estado en segundos. Rango min: 1, max: 10',
  `lado` tinyint(1) NOT NULL DEFAULT '0' COMMENT 'Lado A (0) o lado B (1)',
  `origen_test` varchar(6) COLLATE latin1_spanish_ci DEFAULT NULL COMMENT 'Origen llamadas salientes de test. STRING (ATS-USER). De "200000" a "399999”',
  `destino_test` varchar(6) COLLATE latin1_spanish_ci DEFAULT NULL COMMENT 'Destino llamadas salientes de test. STRING (ATS-USER). De "200000" a "399999”',
  `supervisa_colateral` tinyint(1) DEFAULT NULL COMMENT 'Indica si supervisa colateral. (1) Supervisa, (0) No Supervisa.',
  `tiempo_supervision` int(2) NOT NULL DEFAULT '5' COMMENT 'Tiempo de supervisión en segundos. Rango min: 5, max: 30',
  `duracion_tono_interrup` int(2) NOT NULL DEFAULT '0' COMMENT 'Duración en segundos del tono de interrupción. Rango min: 5, max: 15.',
  `uri_telefonica` varchar(45) COLLATE latin1_spanish_ci DEFAULT NULL COMMENT 'Uri para el recurso telefónico.',
  PRIMARY KEY (`idrecurso_telefono`),
  KEY `fk_pasarela_tfno_idx` (`pasarela_id`),
  CONSTRAINT `fk_pasarela_tfno` FOREIGN KEY (`pasarela_id`) REFERENCES `pasarelas` (`idpasarela`) ON DELETE CASCADE ON UPDATE NO ACTION
) ENGINE=InnoDB AUTO_INCREMENT=271 DEFAULT CHARSET=latin1 COLLATE=latin1_spanish_ci;
/*!40101 SET character_set_client = @saved_cs_client */;

--
-- Dumping data for table `recursos_telefono`
--

LOCK TABLES `recursos_telefono` WRITE;
/*!40000 ALTER TABLE `recursos_telefono` DISABLE KEYS */;
INSERT INTO `recursos_telefono` VALUES (181,129,2,0,'LC-10-02',0,NULL,0.00,0.00,1,5,1,-27,5,1,5,0,'','',0,5,5,'sip:LC-20-02@10.20.184.13:5060'),(182,129,2,1,'R2-10-12',0,NULL,0.00,0.00,1,3,1,-27,5,0,5,0,'','',0,5,5,'sip:R2-20-12@10.20.184.13'),(183,129,2,2,'N5-10-22',0,NULL,0.00,0.00,1,4,1,-27,5,0,5,0,'','',0,5,5,'sip:N5-20-22@10.20.184.13'),(184,129,3,1,'BC-10-13',0,NULL,0.00,0.00,1,1,1,-27,5,0,5,0,'','',0,5,5,'sip:BC-20-13@10.20.184.13'),(185,129,3,2,'AB-10-23',0,NULL,0.00,0.00,1,2,1,-27,5,0,5,0,'','',0,5,5,'sip:AB-20-23@10.20.184.13'),(186,131,3,0,'BL-20-03',0,NULL,0.00,0.00,1,0,1,-27,5,0,5,0,'','',0,5,5,'sip:BL-10-03@10.10.184.13'),(187,131,3,1,'BC-20-13',0,NULL,0.00,0.00,1,1,1,-27,5,0,5,0,'','',0,5,5,'sip:BC-10-13@10.10.184.13'),(188,131,3,2,'AB-20-23',0,NULL,0.00,0.00,1,2,1,-27,5,0,5,0,'','',0,5,5,'sip:AB-10-23@10.10.184.13'),(189,133,2,0,'LC-10-02',0,NULL,0.00,0.00,1,5,1,-27,5,1,5,0,'','',0,5,5,'sip:LC-20-02@10.20.184.13:5060'),(190,133,2,1,'R2-10-12',0,NULL,0.00,0.00,1,3,1,-27,5,0,0,0,'','',0,5,5,'sip:R2-20-11@10.10.184.52'),(191,133,2,2,'N5-10-22',0,NULL,0.00,0.00,1,4,1,-27,5,0,0,0,'314099','315099',0,5,5,'sip:N5-20-22@10.20.184.13'),(192,133,3,1,'BC-10-13',0,NULL,0.00,0.00,1,1,1,-27,5,0,0,0,'','',0,5,5,'sip:BC-20-13@10.20.184.13'),(193,133,3,2,'AB-10-23',0,NULL,0.00,0.00,1,2,1,-27,5,0,0,0,'','',0,5,5,'sip:AB-20-23@10.20.184.13'),(195,135,3,1,'BC-20-13',0,NULL,-1.00,-1.00,1,1,1,-27,5,0,0,0,'','',0,5,5,'sip:BC-10-13@10.10.184.13'),(197,137,3,0,'BL-20-03',0,NULL,0.00,0.00,1,0,1,-27,5,0,5,0,'','',0,5,5,'sip:BL-10-03@10.10.184.13'),(198,137,3,1,'BC-20-13',0,NULL,0.00,0.00,1,1,1,-27,5,0,5,0,'','',0,5,5,'sip:BC-10-13@10.10.184.13'),(199,137,3,2,'AB-20-23',0,NULL,0.00,0.00,1,2,1,-27,5,0,5,0,'','',0,5,5,'sip:AB-10-23@10.10.184.13'),(200,133,3,0,'BL-10-03',0,NULL,0.00,0.00,1,0,1,-27,30,0,5,0,'','',0,5,5,'sip:BL-20-03@10.20.184.13'),(201,135,2,2,'N5-20-22',0,NULL,0.00,0.00,1,4,1,-27,5,1,5,0,'315099','314099',0,5,5,'sip:N5-10-22@10.10.184.52'),(203,135,2,1,'R2-20-12',0,NULL,0.00,0.00,1,3,1,-27,5,1,5,0,'314099','315099',1,5,5,'sip:R2-FREQ@10.10.184.32:5072'),(204,135,2,0,'LC-20-02',0,NULL,0.00,0.00,1,5,1,-27,5,1,5,0,'','',0,5,5,'sip:FRQ-LCEN-1@10.10.184.32:5071'),(205,133,0,1,'R2-10-10',0,NULL,0.00,0.00,1,3,1,-27,5,1,5,1,'314099','315099',0,5,5,'sip:r2-1@10.20.184.13'),(213,140,3,0,'BL-20-03',0,NULL,-1.00,-1.30,1,0,1,-27,30,0,5,0,'','',0,5,5,'sip:BL-10-03@10.10.184.13'),(214,140,3,1,'BC-20-13',0,NULL,-1.00,-1.00,1,1,1,-27,5,0,0,0,'','',0,5,5,'sip:BC-10-13@10.10.184.13'),(215,140,3,2,'AB-20-23',0,NULL,0.00,0.00,1,2,1,-27,5,0,5,0,'','',0,5,5,'sip:AB-10-23@10.10.184.13'),(216,140,2,2,'N5-20-22',0,NULL,0.00,0.00,1,4,1,-27,5,1,5,0,'315099','314099',0,5,5,'sip:N5-10-22@10.10.184.52'),(217,140,2,1,'R2-20-12',0,NULL,0.00,0.00,1,3,1,-27,5,1,5,0,'314099','315099',1,5,5,'sip:R2-FREQ@10.10.184.32:5072'),(218,140,2,0,'LC-20-02',0,NULL,0.00,0.00,1,5,1,-27,5,1,5,0,'','',0,5,5,'sip:FRQ-LCEN-1@10.10.184.32:5071'),(219,141,3,0,'BL-20-03',0,NULL,0.00,0.00,1,0,1,-27,5,0,5,0,'','',0,5,5,'sip:BL-10-03@10.10.184.13'),(220,141,3,1,'BC-20-13',0,NULL,0.00,0.00,1,1,1,-27,5,0,5,0,'','',0,5,5,'sip:BC-10-13@10.10.184.13'),(221,141,3,2,'AB-20-23',0,NULL,0.00,0.00,1,2,1,-27,5,0,5,0,'','',0,5,5,'sip:AB-10-23@10.10.184.13'),(232,145,2,0,'LC-20-02',0,NULL,0.00,0.00,1,5,1,-27,5,1,5,0,'','',0,5,5,'sip:FRQ-LCEN-1@10.10.184.32:5071'),(233,146,3,0,'BL-20-03',0,NULL,0.00,0.00,1,0,1,-27,5,0,5,0,'','',0,5,5,'sip:BL-10-03@10.10.184.13'),(234,146,3,1,'BC-20-13',0,NULL,0.00,0.00,1,1,1,-27,5,0,5,0,'','',0,5,5,'sip:BC-10-13@10.10.184.13'),(235,146,3,2,'AB-20-23',0,NULL,0.00,0.00,1,2,1,-27,5,0,5,0,'','',0,5,5,'sip:AB-10-23@10.10.184.13'),(236,148,2,0,'LC-20-02',0,NULL,0.00,0.00,1,5,1,-27,5,1,5,0,'','',0,5,5,'sip:FRQ-LCEN-1@10.10.184.32:5071'),(237,147,2,1,'LC-40-12',0,NULL,0.00,0.00,1,5,1,-27,5,1,5,0,'','',0,5,5,'sip:LC-20-02@10.20.184.13'),(238,149,2,0,'LC-10-02',0,'',0.00,0.00,1,5,1,-27,5,1,5,0,'','',0,5,5,'sip:LC-20-02@10.20.184.13:5060'),(239,149,2,1,'R2-10-12',0,'',0.00,0.00,1,3,1,-27,5,0,0,0,'','',0,5,5,'sip:R2-20-11@10.10.184.52'),(240,149,2,2,'N5-10-22',0,'',0.00,0.00,1,4,1,-27,5,0,0,0,'314099','315099',0,5,5,'sip:N5-20-22@10.20.184.13'),(241,149,3,1,'BC-10-13',0,'',0.00,0.00,1,1,1,-27,5,0,0,0,'','',0,5,5,'sip:BC-20-13@10.20.184.13'),(242,149,3,2,'AB-10-23',0,'',0.00,0.00,1,2,1,-27,5,0,0,0,'','',0,5,5,'sip:AB-20-23@10.20.184.13'),(243,149,3,0,'BL-10-03',0,'',0.00,0.00,1,0,1,-27,30,0,5,0,'','',0,5,5,'sip:BL-20-03@10.20.184.13'),(244,149,0,1,'R2-10-10',0,'',0.00,0.00,1,3,1,-27,5,1,5,1,'314099','315099',0,5,5,'sip:r2-1@10.20.184.13'),(245,151,2,0,'LC-20-02',0,'',0.00,0.00,1,5,1,-27,5,1,5,0,'','',0,5,5,'sip:FRQ-LCEN-1@10.10.184.32:5071'),(246,138,0,1,'123',0,NULL,0.00,0.00,1,0,1,-27,5,0,5,0,'','',0,5,5,'sip:BL-20-03@10.20.184.13'),(247,145,0,0,'R2-20-00',0,NULL,0.00,0.00,1,3,1,-27,5,1,5,1,'314099','315099',0,5,5,'sip:R2-10-10@10.10.184.13'),(252,154,2,0,'LC-10-02',0,NULL,0.00,0.00,1,5,1,-27,5,1,5,0,'','',0,5,5,'sip:LC-20-02@10.20.184.13:5060'),(253,154,2,1,'R2-10-12',0,NULL,0.00,0.00,1,3,1,-27,5,0,0,0,'','',0,5,5,'sip:R2-20-11@10.10.184.52'),(254,154,3,1,'BC-10-13',0,NULL,0.00,0.00,1,1,1,-27,5,0,0,0,'','',0,5,5,'sip:BC-20-13@10.20.184.13'),(255,154,3,2,'AB-10-23',0,NULL,0.00,0.00,1,2,1,-27,5,0,0,0,'','',0,5,5,'sip:AB-20-23@10.20.184.13'),(256,154,3,0,'BL-10-03',0,NULL,0.00,0.00,1,0,1,-27,30,0,5,0,'','',0,5,5,'sip:BL-20-03@10.20.184.13'),(257,154,0,1,'R2-10-10',0,NULL,0.00,0.00,1,3,1,-27,5,1,5,0,'315099','314099',0,5,5,'sip:R2-20-00@10.20.184.13'),(258,157,2,0,'LC-10-02',0,NULL,0.00,0.00,1,5,1,-27,5,1,5,0,'','',0,5,5,'sip:LC-20-02@10.20.184.13:5060'),(259,157,2,1,'R2-10-12',0,NULL,0.00,0.00,1,3,1,-27,5,0,0,0,'','',0,5,5,'sip:R2-20-11@10.10.184.52'),(260,157,3,1,'BC-10-13',0,NULL,0.00,0.00,1,1,1,-27,5,0,0,0,'','',0,5,5,'sip:BC-20-13@10.20.184.13'),(261,157,3,2,'AB-10-23',0,NULL,0.00,0.00,1,2,1,-27,5,0,0,0,'','',0,5,5,'sip:AB-20-23@10.20.184.13'),(262,157,3,0,'BL-10-03',0,NULL,0.00,0.00,1,0,1,-27,30,0,5,0,'','',0,5,5,'sip:BL-20-03@10.20.184.13'),(263,157,0,1,'R2-10-10',0,NULL,0.00,0.00,1,3,1,-27,5,1,5,0,'315099','314099',0,5,5,'sip:R2-20-00@10.20.184.13'),(264,158,2,0,'LC-20-02',0,NULL,0.00,0.00,1,5,1,-27,5,1,5,0,'','',0,5,5,'sip:FRQ-LCEN-1@10.10.184.32:5071'),(265,158,0,0,'R2-20-00',0,NULL,0.00,0.00,1,3,1,-27,5,1,5,1,'314099','315099',0,5,5,'sip:R2-10-10@10.10.184.13'),(266,159,3,0,'BL-20-03',0,NULL,0.00,0.00,1,0,1,-27,5,0,5,0,'','',0,5,5,'sip:BL-10-03@10.10.184.13'),(267,159,3,1,'BC-20-13',0,NULL,0.00,0.00,1,1,1,-27,5,0,5,0,'','',0,5,5,'sip:BC-10-13@10.10.184.13'),(268,159,3,2,'AB-20-23',0,NULL,0.00,0.00,1,2,1,-27,5,0,5,0,'','',0,5,5,'sip:AB-10-23@10.10.184.13'),(269,160,2,0,'LC-20-02',0,NULL,0.00,0.00,1,5,1,-27,5,1,5,0,'','',0,5,5,'sip:FRQ-LCEN-1@10.10.184.32:5071'),(270,161,2,1,'LC-40-12',0,NULL,0.00,0.00,1,5,1,-27,5,1,5,0,'','',0,5,5,'sip:LC-20-02@10.20.184.13');
/*!40000 ALTER TABLE `recursos_telefono` ENABLE KEYS */;
UNLOCK TABLES;
/*!50003 SET @saved_cs_client      = @@character_set_client */ ;
/*!50003 SET @saved_cs_results     = @@character_set_results */ ;
/*!50003 SET @saved_col_connection = @@collation_connection */ ;
/*!50003 SET character_set_client  = utf8 */ ;
/*!50003 SET character_set_results = utf8 */ ;
/*!50003 SET collation_connection  = utf8_general_ci */ ;
/*!50003 SET @saved_sql_mode       = @@sql_mode */ ;
/*!50003 SET sql_mode              = 'ONLY_FULL_GROUP_BY,STRICT_TRANS_TABLES,NO_ZERO_IN_DATE,NO_ZERO_DATE,ERROR_FOR_DIVISION_BY_ZERO,NO_AUTO_CREATE_USER,NO_ENGINE_SUBSTITUTION' */ ;
DELIMITER ;;
/*!50003 CREATE*/ /*!50017 DEFINER=`root`@`localhost`*/ /*!50003 TRIGGER `ug5kv2`.`recurso_telefono_BEFORE_INSERT` BEFORE INSERT ON `recursos_telefono` FOR EACH ROW
BEGIN
	IF (NEW.uri_telefonica NOT LIKE 'sip:%') THEN
		IF(NEW.uri_telefonica NOT LIKE '') THEN
			set NEW.uri_telefonica = CONCAT('sip:', NEW.uri_telefonica);
		END IF;
    END IF;
END */;;
DELIMITER ;
/*!50003 SET sql_mode              = @saved_sql_mode */ ;
/*!50003 SET character_set_client  = @saved_cs_client */ ;
/*!50003 SET character_set_results = @saved_cs_results */ ;
/*!50003 SET collation_connection  = @saved_col_connection */ ;
/*!50003 SET @saved_cs_client      = @@character_set_client */ ;
/*!50003 SET @saved_cs_results     = @@character_set_results */ ;
/*!50003 SET @saved_col_connection = @@collation_connection */ ;
/*!50003 SET character_set_client  = utf8 */ ;
/*!50003 SET character_set_results = utf8 */ ;
/*!50003 SET collation_connection  = utf8_general_ci */ ;
/*!50003 SET @saved_sql_mode       = @@sql_mode */ ;
/*!50003 SET sql_mode              = 'ONLY_FULL_GROUP_BY,STRICT_TRANS_TABLES,NO_ZERO_IN_DATE,NO_ZERO_DATE,ERROR_FOR_DIVISION_BY_ZERO,NO_AUTO_CREATE_USER,NO_ENGINE_SUBSTITUTION' */ ;
DELIMITER ;;
/*!50003 CREATE*/ /*!50017 DEFINER=`root`@`localhost`*/ /*!50003 TRIGGER `ug5kv2`.`recursos_telefono_BEFORE_UPDATE` BEFORE UPDATE ON `recursos_telefono` FOR EACH ROW
BEGIN
	IF(NEW.uri_telefonica NOT LIKE '' AND NEW.uri_telefonica NOT LIKE 'sip:%') THEN
		set NEW.uri_telefonica = CONCAT('sip:', NEW.uri_telefonica);
	END IF;
END */;;
DELIMITER ;
/*!50003 SET sql_mode              = @saved_sql_mode */ ;
/*!50003 SET character_set_client  = @saved_cs_client */ ;
/*!50003 SET character_set_results = @saved_cs_results */ ;
/*!50003 SET collation_connection  = @saved_col_connection */ ;

--
-- Temporary view structure for view `spvs_cgw`
--

DROP TABLE IF EXISTS `spvs_cgw`;
/*!50001 DROP VIEW IF EXISTS `spvs_cgw`*/;
SET @saved_cs_client     = @@character_set_client;
SET character_set_client = utf8;
/*!50001 CREATE VIEW `spvs_cgw` AS SELECT 
 1 AS `name`,
 1 AS `resource`,
 1 AS `slave_rank`,
 1 AS `slave_type`,
 1 AS `resource_type`,
 1 AS `resource_rank`,
 1 AS `frecuencia`,
 1 AS `resource_subtype`,
 1 AS `remoto`*/;
SET character_set_client = @saved_cs_client;

--
-- Temporary view structure for view `spvs_site`
--

DROP TABLE IF EXISTS `spvs_site`;
/*!50001 DROP VIEW IF EXISTS `spvs_site`*/;
SET @saved_cs_client     = @@character_set_client;
SET character_set_client = utf8;
/*!50001 CREATE VIEW `spvs_site` AS SELECT 
 1 AS `idEMPLAZAMIENTO`,
 1 AS `name`*/;
SET character_set_client = @saved_cs_client;

--
-- Table structure for table `tablas_bss`
--

DROP TABLE IF EXISTS `tablas_bss`;
/*!40101 SET @saved_cs_client     = @@character_set_client */;
/*!40101 SET character_set_client = utf8 */;
CREATE TABLE `tablas_bss` (
  `idtabla_bss` int(11) NOT NULL AUTO_INCREMENT COMMENT 'Clave primaria de la tabla. Esta tabla representa las tablas como los valores de calificación de audio que se le pueden asignar a los recursos.',
  `nombre` varchar(32) COLLATE latin1_spanish_ci NOT NULL COMMENT 'Nombre que se le da a la tabla. No se puede repetir.',
  `descripcion` varchar(100) COLLATE latin1_spanish_ci DEFAULT NULL COMMENT 'Información adicional de la tabla.',
  `fecha_creacion` timestamp NOT NULL DEFAULT CURRENT_TIMESTAMP COMMENT 'Fecha de creación de la tabla.',
  `valor0` int(2) NOT NULL DEFAULT '0' COMMENT 'Valor 0 de la tabla. Rango: min: 0, max: 15.',
  `valor1` int(2) NOT NULL DEFAULT '0' COMMENT 'Valor 1 de la tabla. Rango: min: 0, max: 15.',
  `valor2` int(2) NOT NULL DEFAULT '0' COMMENT 'Valor 2 de la tabla. Rango: min: 0, max: 15.',
  `valor3` int(2) NOT NULL DEFAULT '0' COMMENT 'Valor 3 de la tabla. Rango: min: 0, max: 15.',
  `valor4` int(2) NOT NULL DEFAULT '0' COMMENT 'Valor 4 de la tabla. Rango: min: 0, max: 15.',
  `valor5` int(2) NOT NULL DEFAULT '0' COMMENT 'Valor 5 de la tabla. Rango: min: 0, max: 15.',
  PRIMARY KEY (`idtabla_bss`),
  UNIQUE KEY `name_UNIQUE` (`nombre`)
) ENGINE=InnoDB AUTO_INCREMENT=15 DEFAULT CHARSET=latin1 COLLATE=latin1_spanish_ci;
/*!40101 SET character_set_client = @saved_cs_client */;

--
-- Dumping data for table `tablas_bss`
--

LOCK TABLES `tablas_bss` WRITE;
/*!40000 ALTER TABLE `tablas_bss` DISABLE KEYS */;
INSERT INTO `tablas_bss` VALUES (13,'_TQIDX3','Mi_Tabla','2017-10-03 08:01:50',0,3,6,8,9,14),(14,'_TQIDX1','HOLA','2017-10-03 08:02:18',0,2,6,9,12,15);
/*!40000 ALTER TABLE `tablas_bss` ENABLE KEYS */;
UNLOCK TABLES;

--
-- Dumping events for database 'ug5kv2'
--

--
-- Dumping routines for database 'ug5kv2'
--
/*!50003 DROP PROCEDURE IF EXISTS `SP_CopyConfiguration` */;
/*!50003 SET @saved_cs_client      = @@character_set_client */ ;
/*!50003 SET @saved_cs_results     = @@character_set_results */ ;
/*!50003 SET @saved_col_connection = @@collation_connection */ ;
/*!50003 SET character_set_client  = utf8 */ ;
/*!50003 SET character_set_results = utf8 */ ;
/*!50003 SET collation_connection  = utf8_general_ci */ ;
/*!50003 SET @saved_sql_mode       = @@sql_mode */ ;
/*!50003 SET sql_mode              = 'ONLY_FULL_GROUP_BY,STRICT_TRANS_TABLES,NO_ZERO_IN_DATE,NO_ZERO_DATE,ERROR_FOR_DIVISION_BY_ZERO,NO_AUTO_CREATE_USER,NO_ENGINE_SUBSTITUTION' */ ;
DELIMITER ;;
CREATE DEFINER=`root`@`localhost` PROCEDURE `SP_CopyConfiguration`(in cfg_id int, in cfg_name VARCHAR(64), in cfg_description VARCHAR(100))
BEGIN
    DECLARE copy_config_id INT DEFAUlT 0;
    DECLARE done INT DEFAULT 0;
    DECLARE v_nuevos INT(11);
    DECLARE v_antiguos INT(11);
    
    DECLARE emplazamiento_cursor CURSOR FOR
    SELECT e.idemplazamiento as nuevo, e1.idemplazamiento as viejo
    FROM emplazamientos e, emplazamientos e1
    WHERE e.configuracion_id = copy_config_id
    AND e1.configuracion_id = cfg_id
    AND e1.nombre = e.nombre;

    DECLARE CONTINUE HANDLER FOR NOT FOUND SET done = 1;    
    
    INSERT INTO configuraciones (nombre, descripcion, region, activa)
    SELECT cfg_name, cfg_description, cfg.region, 0
    FROM configuraciones cfg
    WHERE cfg.idconfiguracion=cfg_id;
    
    SELECT LAST_INSERT_ID() INTO copy_config_id;
    
    INSERT INTO emplazamientos (nombre, configuracion_id)
    SELECT emp.nombre, copy_config_id
    FROM emplazamientos emp
    WHERE emp.configuracion_id=cfg_id;

    OPEN emplazamiento_cursor;
    get_emp: LOOP
    FETCH emplazamiento_cursor INTO v_nuevos, v_antiguos;
    IF done = 1 THEN
            LEAVE get_emp;
    END IF;
    INSERT INTO pasarelas (emplazamiento_id, nombre, ip_virtual, ultima_actualizacion, ip_cpu0, ip_gtw0, mask_cpu0, ip_cpu1, ip_gtw1, mask_cpu1, puerto_sip, periodo_supervision, puerto_servicio_snmp, puerto_snmp, snmpv2, comunidad_snmp, nombre_snmp, localizacion_snmp, contacto_snmp, puerto_servicio_web, tiempo_sesion, puerto_rtsp, servidor_rtsp, servidor_rtspb)
    SELECT v_nuevos, pas.nombre, pas.ip_virtual, pas.ultima_actualizacion, pas.ip_cpu0, pas.ip_gtw0, pas.mask_cpu0, pas.ip_cpu1, pas.ip_gtw1, pas.mask_cpu1, pas.puerto_sip, pas.periodo_supervision, pas.puerto_servicio_snmp, pas.puerto_snmp, pas.snmpv2, pas.comunidad_snmp, pas.nombre_snmp, pas.localizacion_snmp, pas.contacto_snmp, pas.puerto_servicio_web, pas.tiempo_sesion, pas.puerto_rtsp, pas.servidor_rtsp, pas.servidor_rtspb
    FROM pasarelas pas 
    WHERE pas.emplazamiento_id = v_antiguos;
    END LOOP get_emp;
    CLOSE emplazamiento_cursor;
END ;;
DELIMITER ;
/*!50003 SET sql_mode              = @saved_sql_mode */ ;
/*!50003 SET character_set_client  = @saved_cs_client */ ;
/*!50003 SET character_set_results = @saved_cs_results */ ;
/*!50003 SET collation_connection  = @saved_col_connection */ ;

--
-- Final view structure for view `alarmas_view`
--

/*!50001 DROP VIEW IF EXISTS `alarmas_view`*/;
/*!50001 SET @saved_cs_client          = @@character_set_client */;
/*!50001 SET @saved_cs_results         = @@character_set_results */;
/*!50001 SET @saved_col_connection     = @@collation_connection */;
/*!50001 SET character_set_client      = utf8 */;
/*!50001 SET character_set_results     = utf8 */;
/*!50001 SET collation_connection      = utf8_general_ci */;
/*!50001 CREATE ALGORITHM=UNDEFINED */
/*!50013 DEFINER=`root`@`localhost` SQL SECURITY DEFINER */
/*!50001 VIEW `alarmas_view` AS select `a`.`idHistoricoIncidencias` AS `idHistoricoIncidencias`,`a`.`FechaHora` AS `FechaHora`,`a`.`IdEmplaz` AS `idEmplaz`,`a`.`IdHw` AS `IdHw`,`a`.`TipoHw` AS `TipoHw`,`a`.`Descripcion` AS `descripcion`,`b`.`Nivel` AS `Nivel` from (`historicoincidencias` `a` join `incidencias` `b`) where ((`a`.`IdIncidencia` = `b`.`IdIncidencia`) and (`b`.`LineaEventos` = 1) and isnull(`a`.`Reconocida`)) order by `b`.`Nivel` desc limit 200 */;
/*!50001 SET character_set_client      = @saved_cs_client */;
/*!50001 SET character_set_results     = @saved_cs_results */;
/*!50001 SET collation_connection      = @saved_col_connection */;

--
-- Final view structure for view `emplazamiento`
--

/*!50001 DROP VIEW IF EXISTS `emplazamiento`*/;
/*!50001 SET @saved_cs_client          = @@character_set_client */;
/*!50001 SET @saved_cs_results         = @@character_set_results */;
/*!50001 SET @saved_col_connection     = @@collation_connection */;
/*!50001 SET character_set_client      = utf8 */;
/*!50001 SET character_set_results     = utf8 */;
/*!50001 SET collation_connection      = utf8_general_ci */;
/*!50001 CREATE ALGORITHM=UNDEFINED */
/*!50013 DEFINER=`root`@`localhost` SQL SECURITY DEFINER */
/*!50001 VIEW `emplazamiento` AS select `e`.`idemplazamiento` AS `idEMPLAZAMIENTO`,`e`.`configuracion_id` AS `cfg_idCFG`,`e`.`nombre` AS `name` from `emplazamientos` `e` */;
/*!50001 SET character_set_client      = @saved_cs_client */;
/*!50001 SET character_set_results     = @saved_cs_results */;
/*!50001 SET collation_connection      = @saved_col_connection */;

--
-- Final view structure for view `info_cgw`
--

/*!50001 DROP VIEW IF EXISTS `info_cgw`*/;
/*!50001 SET @saved_cs_client          = @@character_set_client */;
/*!50001 SET @saved_cs_results         = @@character_set_results */;
/*!50001 SET @saved_col_connection     = @@collation_connection */;
/*!50001 SET character_set_client      = utf8 */;
/*!50001 SET character_set_results     = utf8 */;
/*!50001 SET collation_connection      = utf8_general_ci */;
/*!50001 CREATE ALGORITHM=UNDEFINED */
/*!50013 DEFINER=`root`@`localhost` SQL SECURITY DEFINER */
/*!50001 VIEW `info_cgw` AS select `p`.`nombre` AS `name`,1 AS `dual_cpu`,`e`.`nombre` AS `emplazamiento`,1 AS `num_cpu`,`p`.`ip_virtual` AS `virtual_ip`,1 AS `dual_lan`,'' AS `ip_eth0`,'' AS `ip_eth1`,`p`.`ip_cpu0` AS `bound_ip`,`p`.`ip_gtw0` AS `gateway_ip` from ((`pasarelas` `p` left join `emplazamientos` `e` on((`p`.`emplazamiento_id` = `e`.`idemplazamiento`))) left join `configuraciones` `c` on((`e`.`configuracion_id` = `c`.`idconfiguracion`))) where (`c`.`activa` = 1) union select `p`.`nombre` AS `name`,1 AS `dual_cpu`,`e`.`nombre` AS `emplazamiento`,2 AS `num_cpu`,`p`.`ip_virtual` AS `virtual_ip`,1 AS `dual_lan`,'' AS `ip_eth0`,'' AS `ip_eth1`,`p`.`ip_cpu1` AS `bound_ip`,`p`.`ip_gtw1` AS `gateway_ip` from ((`pasarelas` `p` left join `emplazamientos` `e` on((`p`.`emplazamiento_id` = `e`.`idemplazamiento`))) left join `configuraciones` `c` on((`e`.`configuracion_id` = `c`.`idconfiguracion`))) where (`c`.`activa` = 1) order by `emplazamiento`,`name`,`num_cpu` desc */;
/*!50001 SET character_set_client      = @saved_cs_client */;
/*!50001 SET character_set_results     = @saved_cs_results */;
/*!50001 SET collation_connection      = @saved_col_connection */;

--
-- Final view structure for view `spvs_cgw`
--

/*!50001 DROP VIEW IF EXISTS `spvs_cgw`*/;
/*!50001 SET @saved_cs_client          = @@character_set_client */;
/*!50001 SET @saved_cs_results         = @@character_set_results */;
/*!50001 SET @saved_col_connection     = @@collation_connection */;
/*!50001 SET character_set_client      = utf8 */;
/*!50001 SET character_set_results     = utf8 */;
/*!50001 SET collation_connection      = utf8_general_ci */;
/*!50001 CREATE ALGORITHM=UNDEFINED */
/*!50013 DEFINER=`root`@`localhost` SQL SECURITY DEFINER */
/*!50001 VIEW `spvs_cgw` AS select `p`.`nombre` AS `name`,`rr`.`nombre` AS `resource`,`rr`.`columna` AS `slave_rank`,0 AS `slave_type`,1 AS `resource_type`,`rr`.`fila` AS `resource_rank`,cast(`rr`.`frecuencia` as char(7) charset utf8) AS `frecuencia`,`rr`.`tipo_agente` AS `resource_subtype`,(case when (`rr`.`tipo_agente` > 3) then 'True' else 'False' end) AS `remoto` from (((`pasarelas` `p` left join `emplazamientos` `e` on((`p`.`emplazamiento_id` = `e`.`idemplazamiento`))) left join `configuraciones` `c` on((`e`.`configuracion_id` = `c`.`idconfiguracion`))) left join `recursos_radio` `rr` on((`p`.`idpasarela` = `rr`.`pasarela_id`))) where ((`c`.`activa` = 1) and (`rr`.`nombre` is not null)) union select `p`.`nombre` AS `name`,`rt`.`nombre` AS `resource`,`rt`.`columna` AS `slave_rank`,0 AS `slave_type`,2 AS `resource_type`,`rt`.`fila` AS `resource_rank`,NULL AS `frecuencia`,`rt`.`tipo_interfaz_tel` AS `resource_subtype`,'False' AS `remoto` from (((`pasarelas` `p` left join `emplazamientos` `e` on((`p`.`emplazamiento_id` = `e`.`idemplazamiento`))) left join `configuraciones` `c` on((`e`.`configuracion_id` = `c`.`idconfiguracion`))) left join `recursos_telefono` `rt` on((`p`.`idpasarela` = `rt`.`pasarela_id`))) where ((`c`.`activa` = 1) and (`rt`.`nombre` is not null)) */;
/*!50001 SET character_set_client      = @saved_cs_client */;
/*!50001 SET character_set_results     = @saved_cs_results */;
/*!50001 SET collation_connection      = @saved_col_connection */;

--
-- Final view structure for view `spvs_site`
--

/*!50001 DROP VIEW IF EXISTS `spvs_site`*/;
/*!50001 SET @saved_cs_client          = @@character_set_client */;
/*!50001 SET @saved_cs_results         = @@character_set_results */;
/*!50001 SET @saved_col_connection     = @@collation_connection */;
/*!50001 SET character_set_client      = utf8 */;
/*!50001 SET character_set_results     = utf8 */;
/*!50001 SET collation_connection      = utf8_general_ci */;
/*!50001 CREATE ALGORITHM=UNDEFINED */
/*!50013 DEFINER=`root`@`localhost` SQL SECURITY DEFINER */
/*!50001 VIEW `spvs_site` AS select `e`.`idemplazamiento` AS `idEMPLAZAMIENTO`,`e`.`nombre` AS `name` from (`emplazamientos` `e` left join `configuraciones` `c` on((`e`.`configuracion_id` = `c`.`idconfiguracion`))) where (`c`.`activa` = 1) */;
/*!50001 SET character_set_client      = @saved_cs_client */;
/*!50001 SET character_set_results     = @saved_cs_results */;
/*!50001 SET collation_connection      = @saved_col_connection */;
/*!40103 SET TIME_ZONE=@OLD_TIME_ZONE */;

/*!40101 SET SQL_MODE=@OLD_SQL_MODE */;
/*!40014 SET FOREIGN_KEY_CHECKS=@OLD_FOREIGN_KEY_CHECKS */;
/*!40014 SET UNIQUE_CHECKS=@OLD_UNIQUE_CHECKS */;
/*!40101 SET CHARACTER_SET_CLIENT=@OLD_CHARACTER_SET_CLIENT */;
/*!40101 SET CHARACTER_SET_RESULTS=@OLD_CHARACTER_SET_RESULTS */;
/*!40101 SET COLLATION_CONNECTION=@OLD_COLLATION_CONNECTION */;
/*!40111 SET SQL_NOTES=@OLD_SQL_NOTES */;

-- Dump completed on 2018-01-15  9:00:06
